0,1,2,3
"Month Ended October 31, 2024",,,
LOCATION,"Total Number of
Mortgages","Number of Mortgages in
Arrears*","% of Arrears to Total
Number of Mortgages"
ATLANTIC,"342,239",943,0.28%
QUEBEC,"936,820","1,623",0.17%
ONTARIO,"2,194,037","3,727",0.17%
MANITOBA,"118,220",365,0.31%
SASKATCHEWAN,"125,045",731,0.58%
ALBERTA,"585,728","1,736",0.30%
BRITISH COLUMBIA,"703,333","1,161",0.17%
TERRITORIES,"10,333",,
CANADA,"5,015,755","10,286",0.21%
As at:,"(1)
Total
Number of
Mortgages","(2)
Number of
Mortgages
in Arrears","(3)
% of Arrears to
Total Number
of Mortgages"
1995-01,"2,184,443","11,014",0.50%
1995-02,"2,187,413","10,907",0.50%
1995-03,"2,190,111","10,911",0.50%
1995-04,"2,198,548","11,026",0.50%
1995-05,"2,251,909","11,817",0.52%
1995-06,"2,263,144","11,777",0.52%
1995-07,"2,272,417","12,159",0.54%
1995-08,"2,275,759","12,864",0.57%
1995-09,"2,283,512","12,877",0.56%
1995-10,"2,287,413","12,889",0.56%
1995-11,"2,334,070","13,196",0.57%
1995-12,"2,337,380","13,298",0.57%
1996-01,"2,357,036","14,011",0.59%
1996-02,"2,364,380","14,703",0.62%
1996-03,"2,379,316","14,923",0.63%
1996-04,"2,388,234","14,781",0.62%
1996-05,"2,401,407","14,597",0.61%
1996-06,"2,410,312","14,082",0.58%
1996-07,"2,412,206","13,891",0.58%
1996-08,"2,419,000","14,126",0.58%
1996-09,"2,426,517","14,503",0.60%
1996-10,"2,434,788","14,168",0.58%
1996-11,"2,451,382","15,038",0.61%
1996-12,"2,458,078","15,768",0.64%
1997-01,"2,466,705","15,924",0.65%
1997-02,"2,477,748","15,900",0.64%
1997-03,"2,485,009","15,762",0.63%
1997-04,"2,499,266","15,243",0.61%
1997-05,"2,517,230","15,530",0.62%
1997-06,"2,527,225","15,039",0.60%
1997-07,"2,531,451","14,434",0.57%
1997-08,"2,540,022","14,287",0.56%
1997-09,"2,546,970","13,886",0.55%
1997-10,"2,549,424","13,492",0.53%
1997-11,"2,536,709","13,117",0.52%
1997-12,"2,549,411","13,266",0.52%
1998-01,"2,554,534","13,558",0.53%
1998-02,"2,558,910","13,219",0.52%
1998-03,"2,568,133","12,496",0.49%
1998-04,"2,576,213","12,244",0.48%
1998-05,"2,588,778","12,319",0.48%
1998-06,"2,612,379","12,435",0.48%
1998-07,"2,621,330","12,268",0.47%
1998-08,"2,629,010","12,437",0.47%
1998-09,"2,636,916","12,529",0.48%
1998-10,"2,610,319","12,068",0.46%
1998-11,"2,771,846","13,372",0.48%
1998-12,"2,775,466","14,166",0.51%
1999-01,"2,780,335","14,603",0.53%
1999-02,"2,785,220","14,848",0.53%
1999-03,"2,794,209","14,252",0.51%
1999-04,"2,870,113","13,794",0.48%
1999-05,"2,824,255","14,237",0.50%
1999-06,"2,848,498","13,558",0.48%
1999-07,"2,865,027","13,093",0.46%
1999-08,"2,874,581","13,081",0.46%
1999-09,"2,882,541","13,042",0.45%
1999-10,"2,889,610","12,470",0.43%
1999-11,"2,895,206","12,384",0.43%
1999-12,"2,897,961","12,560",0.43%
2000-01,"2,898,883","12,902",0.45%
2000-02,"2,900,880","12,726",0.44%
2000-03,"2,905,237","12,824",0.44%
2000-04,"2,906,210","12,246",0.42%
2000-05,"2,916,326","12,174",0.42%
2000-06,"3,198,234","12,410",0.39%
2000-07,"3,204,458","12,740",0.40%
2000-08,"3,210,566","12,871",0.40%
2000-09,"3,215,539","12,979",0.40%
2000-10,"3,218,864","13,412",0.42%
2000-11,"3,204,229","13,301",0.42%
2000-12,"3,205,023","13,773",0.43%
2001-01,"3,203,784","14,369",0.45%
2001-02,"3,205,315","14,099",0.44%
2001-03,"3,210,714","13,805",0.43%
2001-04,"3,216,897","13,855",0.43%
2001-05,"3,236,100","13,643",0.42%
2001-06,"3,248,772","13,329",0.41%
2001-07,"3,258,864","13,678",0.42%
2001-08,"3,281,694","13,895",0.42%
2001-09,"3,287,833","14,133",0.43%
2001-10,"3,288,140","14,585",0.44%
2001-11,"3,304,228","14,506",0.44%
2001-12,"3,308,758","15,384",0.46%
2002-01,"3,303,565","15,302",0.46%
2002-02,"3,306,602","14,834",0.45%
2002-03,"3,313,415","14,628",0.44%
2002-04,"3,320,103","14,313",0.43%
2002-05,"3,333,312","13,894",0.42%
2002-06,"3,347,107","13,126",0.39%
2002-07,"3,350,684","12,954",0.39%
2002-08,"3,361,231","12,661",0.38%
2002-09,"3,383,451","12,929",0.38%
2002-10,"3,387,783","12,423",0.37%
2002-11,"3,387,315","12,206",0.36%
2002-12,"3,391,818","12,672",0.37%
2003-01,"3,391,829","12,784",0.38%
2003-02,"3,394,147","12,636",0.37%
2003-03,"3,399,535","12,483",0.37%
2003-04,"3,405,264","12,157",0.36%
2003-05,"3,416,510","11,918",0.35%
2003-06,"3,425,780","11,655",0.34%
2003-07,"3,431,428","11,508",0.34%
2003-08,"3,440,334","11,903",0.35%
2003-09,"3,440,820","12,067",0.35%
2003-10,"3,448,011","11,951",0.35%
2003-11,"3,452,854","11,587",0.34%
2003-12,"3,450,442","11,541",0.33%
2004-01,"3,451,703","11,847",0.34%
2004-02,"3,454,346","11,709",0.34%
2004-03,"3,462,443","11,031",0.32%
2004-04,"3,485,056","10,528",0.30%
2004-05,"3,496,749","10,391",0.30%
2004-06,"3,511,679","9,812",0.28%
2004-07,"3,532,947","9,452",0.27%
2004-08,"3,540,658","9,533",0.27%
2004-09,"3,549,783","9,542",0.27%
2004-10,"3,558,993","9,619",0.27%
2004-11,"3,567,434","9,193",0.26%
2004-12,"3,568,640","9,226",0.26%
2005-01,"3,571,472","9,733",0.27%
2005-02,"3,572,642","9,769",0.27%
2005-03,"3,581,192","9,565",0.27%
2005-04,"3,590,201","9,150",0.25%
2005-05,"3,590,361","9,125",0.25%
2005-06,"3,604,358","8,848",0.25%
2005-07,"3,617,811","8,868",0.25%
2005-08,"3,608,600","9,121",0.25%
2005-09,"3,632,907","9,341",0.26%
2005-10,"3,640,013","9,421",0.26%
2005-11,"3,647,533","9,505",0.26%
2005-12,"3,648,902","9,877",0.27%
2006-01,"3,649,692","10,046",0.28%
2006-02,"3,653,010","9,658",0.26%
2006-03,"3,663,684","9,180",0.25%
2006-04,"3,670,811","9,140",0.25%
2006-05,"3,680,775","8,987",0.24%
2006-06,"3,695,880","8,908",0.24%
2006-07,"3,696,591","9,007",0.24%
2006-08,"3,703,397","8,918",0.24%
2006-09,"3,710,447","9,082",0.24%
2006-10,"3,714,237","9,009",0.24%
2006-11,"3,708,209","9,178",0.25%
2006-12,"3,708,101","9,367",0.25%
2007-01,"3,730,441","9,548",0.26%
2007-02,"3,734,093","9,705",0.26%
2007-03,"3,737,989","9,540",0.26%
2007-04,"3,744,684","9,447",0.25%
2007-05,"3,753,087","9,282",0.25%
2007-06,"3,762,600","9,211",0.24%
2007-07,"3,772,664","9,280",0.25%
2007-08,"3,758,306","9,350",0.25%
2007-09,"3,787,584","9,704",0.26%
2007-10,"3,793,131","9,729",0.26%
2007-11,"3,807,831","9,862",0.26%
2007-12,"3,805,288","9,709",0.26%
2008-01,"3,811,089","10,100",0.27%
2008-02,"3,809,140","10,376",0.27%
2008-03,"3,822,749","10,438",0.27%
2008-04,"3,830,155","10,068",0.26%
2008-05,"3,842,289","10,250",0.27%
2008-06,"3,852,207","10,319",0.27%
2008-07,"3,864,025","10,420",0.27%
2008-08,"3,871,038","10,866",0.28%
2008-09,"3,893,801","11,265",0.29%
2008-10,"3,898,269","11,459",0.29%
2008-11,"3,900,999","12,048",0.31%
2008-12,"3,899,180","12,914",0.33%
2009-01,"3,895,819","14,024",0.36%
2009-02,"3,896,634","14,676",0.38%
2009-03,"3,904,521","15,064",0.39%
2009-04,"3,921,587","15,628",0.40%
2009-05,"3,930,128","16,114",0.41%
2009-06,"3,944,859","16,436",0.42%
2009-07,"3,954,709","16,711",0.42%
2009-08,"3,964,534","17,040",0.43%
2009-09,"3,971,828","17,256",0.43%
2009-10,"3,980,635","17,459",0.44%
2009-11,"3,992,985","17,747",0.44%
2009-12,"3,995,778","18,059",0.45%
2010-01,"3,999,451","17,999",0.45%
2010-02,"4,002,280","18,139",0.45%
2010-03,"4,012,855","17,601",0.44%
2010-04,"4,029,133","17,229",0.43%
2010-05,"4,043,802","16,784",0.42%
2010-06,"4,064,446","17,090",0.42%
2010-07,"4,067,168","17,119",0.42%
2010-08,"4,073,932","17,294",0.42%
2010-09,"4,077,303","17,316",0.42%
2010-10,"4,174,899","17,742",0.42%
2010-11,"4,184,289","17,686",0.42%
2010-12,"4,189,355","18,177",0.43%
As at:,"(1)
Total
Number of
Mortgages","(2)
Number of
Mortgages
in Arrears","(3)
% of Arrears to
Total Number
of Mortgages"
1995-01,"174,736",533,0.31%
1995-02,"174,860",551,0.32%
1995-03,"175,596",527,0.30%
1995-04,"176,862",542,0.31%
1995-05,"179,066",604,0.34%
1995-06,"180,227",578,0.32%
1995-07,"180,920",609,0.34%
1995-08,"182,086",616,0.34%
1995-09,"183,043",619,0.34%
1995-10,"183,612",635,0.35%
1995-11,"185,140",636,0.34%
1995-12,"185,546",639,0.34%
1996-01,"188,516",749,0.40%
1996-02,"188,978",737,0.39%
1996-03,"189,823",734,0.39%
1996-04,"190,478",708,0.37%
1996-05,"191,649",716,0.37%
1996-06,"192,665",709,0.37%
1996-07,"193,548",726,0.38%
1996-08,"194,346",756,0.39%
1996-09,"195,157",767,0.39%
1996-10,"196,074",765,0.39%
1996-11,"197,128",848,0.43%
1996-12,"197,858",910,0.46%
1997-01,"198,360",972,0.49%
1997-02,"199,133",978,0.49%
1997-03,"199,861",977,0.49%
1997-04,"200,054",966,0.48%
1997-05,"201,036","1,022",0.51%
1997-06,"202,228",994,0.49%
1997-07,"202,832","1,004",0.49%
1997-08,"203,918","1,018",0.50%
1997-09,"204,597","1,043",0.51%
1997-10,"205,155","1,019",0.50%
1997-11,"205,586","1,042",0.51%
1997-12,"205,935","1,075",0.52%
1998-01,"206,220","1,149",0.56%
1998-02,"206,574","1,133",0.55%
1998-03,"207,116","1,086",0.52%
1998-04,"208,236","1,084",0.52%
1998-05,"209,132","1,087",0.52%
1998-06,"210,685","1,068",0.51%
1998-07,"211,862","1,081",0.51%
1998-08,"212,735","1,117",0.53%
1998-09,"213,740","1,136",0.53%
1998-10,"214,820","1,133",0.53%
1998-11,"215,785","1,184",0.55%
1998-12,"216,305","1,234",0.57%
1999-01,"216,562","1,257",0.58%
1999-02,"217,016","1,237",0.57%
1999-03,"217,739","1,189",0.55%
1999-04,"218,699","1,150",0.53%
1999-05,"219,817","1,151",0.52%
1999-06,"221,181","1,143",0.52%
1999-07,"233,386","1,114",0.50%
1999-08,"224,470","1,141",0.51%
1999-09,"225,385","1,139",0.51%
1999-10,"226,056","1,096",0.48%
1999-11,"226,512","1,034",0.46%
1999-12,"226,852","1,048",0.46%
2000-01,"226,927","1,062",0.47%
2000-02,"227,136","1,060",0.47%
2000-03,"227,404","1,064",0.47%
2000-04,"227,558","1,014",0.45%
2000-05,"228,528","1,043",0.46%
2000-06,"238,743","1,120",0.47%
2000-07,"239,624","1,219",0.51%
2000-08,"240,449","1,275",0.53%
2000-09,"241,234","1,274",0.53%
2000-10,"241,733","1,323",0.55%
2000-11,"242,226","1,329",0.55%
2000-12,"242,350","1,369",0.56%
2001-01,"242,355","1,426",0.59%
2001-02,"242,589","1,395",0.58%
2001-03,"244,211","1,385",0.57%
2001-04,"245,208","1,379",0.56%
2001-05,"245,440","1,417",0.58%
2001-06,"247,229","1,395",0.56%
2001-07,"247,968","1,427",0.58%
2001-08,"248,650","1,499",0.60%
2001-09,"249,531","1,525",0.61%
2001-10,"249,553","1,482",0.59%
2001-11,"250,999","1,500",0.60%
2001-12,"252,255","1,581",0.63%
2002-01,"251,845","1,586",0.63%
2002-02,"252,327","1,605",0.64%
2002-03,"252,838","1,671",0.66%
2002-04,"253,720","1,652",0.65%
2002-05,"254,862","1,529",0.60%
2002-06,"256,179","1,479",0.58%
2002-07,"257,098","1,455",0.57%
2002-08,"258,251","1,428",0.55%
2002-09,"260,300","1,444",0.55%
2002-10,"260,986","1,336",0.51%
2002-11,"261,456","1,296",0.50%
2002-12,"261,556","1,358",0.52%
2003-01,"261,682","1,414",0.54%
2003-02,"261,807","1,384",0.53%
2003-03,"262,171","1,379",0.53%
2003-04,"262,866","1,342",0.51%
2003-05,"263,729","1,350",0.51%
2003-06,"265,104","1,285",0.48%
2003-07,"266,279","1,282",0.48%
2003-08,"267,168","1,314",0.49%
2003-09,"268,459","1,307",0.49%
2003-10,"269,391","1,287",0.48%
2003-11,"269,954","1,262",0.47%
2003-12,"269,861","1,290",0.48%
2004-01,"269,985","1,310",0.49%
2004-02,"270,251","1,285",0.48%
2004-03,"270,677","1,196",0.44%
2004-04,"272,073","1,164",0.43%
2004-05,"273,093","1,170",0.43%
2004-06,"274,520","1,114",0.41%
2004-07,"275,699","1,113",0.40%
2004-08,"276,744","1,124",0.41%
2004-09,"278,212","1,140",0.41%
2004-10,"280,372","1,155",0.41%
2004-11,"279,761","1,172",0.42%
2004-12,"279,799","1,208",0.43%
2005-01,"280,199","1,292",0.46%
2005-02,"280,011","1,284",0.46%
2005-03,"280,694","1,216",0.43%
2005-04,"281,407","1,151",0.41%
2005-05,"282,487","1,152",0.41%
2005-06,"283,790","1,142",0.40%
2005-07,"284,751","1,121",0.39%
2005-08,"285,373","1,161",0.41%
2005-09,"286,467","1,155",0.40%
2005-10,"287,137","1,197",0.42%
2005-11,"287,636","1,172",0.41%
2005-12,"287,799","1,235",0.43%
2006-01,"287,729","1,281",0.45%
2006-02,"287,814","1,232",0.43%
2006-03,"288,332","1,165",0.40%
2006-04,"288,660","1,173",0.41%
2006-05,"289,376","1,168",0.40%
2006-06,"290,431","1,130",0.39%
2006-07,"290,801","1,140",0.39%
2006-08,"291,407","1,172",0.40%
2006-09,"292,108","1,192",0.41%
2006-10,"292,283","1,149",0.39%
2006-11,"291,746","1,151",0.39%
2006-12,"291,743","1,192",0.41%
2007-01,"291,742","1,195",0.41%
2007-02,"291,897","1,203",0.41%
2007-03,"291,927","1,165",0.40%
2007-04,"292,312","1,134",0.39%
2007-05,"292,666","1,101",0.38%
2007-06,"292,923","1,086",0.37%
2007-07,"293,841","1,067",0.36%
2007-08,"293,653","1,082",0.37%
2007-09,"294,744","1,072",0.36%
2007-10,"295,271","1,058",0.36%
2007-11,"296,340","1,097",0.37%
2007-12,"296,407","1,147",0.39%
2008-01,"296,514","1,216",0.41%
2008-02,"296,331","1,222",0.41%
2008-03,"298,497","1,238",0.41%
2008-04,"298,436","1,174",0.39%
2008-05,"299,074","1,133",0.38%
2008-06,"299,656","1,121",0.37%
2008-07,"300,368","1,172",0.39%
2008-08,"301,263","1,239",0.41%
2008-09,"302,505","1,236",0.41%
2008-10,"302,900","1,205",0.40%
2008-11,"303,223","1,244",0.41%
2008-12,"303,224","1,280",0.42%
2009-01,"302,988","1,390",0.46%
2009-02,"303,162","1,399",0.46%
2009-03,"303,434","1,340",0.44%
2009-04,"304,704","1,357",0.45%
2009-05,"305,302","1,413",0.46%
2009-06,"306,524","1,422",0.46%
2009-07,"307,443","1,477",0.48%
2009-08,"308,367","1,490",0.48%
2009-09,"309,053","1,525",0.49%
2009-10,"309,776","1,561",0.50%
2009-11,"310,302","1,543",0.50%
2009-12,"310,704","1,598",0.51%
2010-01,"310,835","1,581",0.51%
2010-02,"311,073","1,615",0.52%
2010-03,"311,565","1,568",0.50%
2010-04,"312,314","1,476",0.47%
2010-05,"313,040","1,426",0.46%
2010-06,"313,885","1,374",0.44%
2010-07,"314,568","1,405",0.45%
2010-08,"315,135","1,412",0.45%
2010-09,"315,472","1,437",0.46%
2010-10,"316,282","1,419",0.45%
2010-11,"317,038","1,390",0.44%
2010-12,"317,326","1,441",0.45%
As at:,"(1)
Total
Number of
Mortgages","(2)
Number of
Mortgages
in Arrears","(3)
% of Arrears to
Total Number
of Mortgages"
1995-01,"446,647","3,480",0.78%
1995-02,"447,542","3,433",0.77%
1995-03,"450,239","3,476",0.77%
1995-04,"451,806","3,516",0.78%
1995-05,"463,816","3,721",0.80%
1995-06,"465,611","3,580",0.77%
1995-07,"470,229","3,764",0.80%
1995-08,"465,732","3,836",0.82%
1995-09,"466,302","3,852",0.83%
1995-10,"466,771","3,884",0.83%
1995-11,"468,007","4,155",0.89%
1995-12,"468,286","4,241",0.91%
1996-01,"469,956","4,099",0.87%
1996-02,"470,964","4,492",0.95%
1996-03,"474,094","4,749",1.00%
1996-04,"476,136","4,800",1.01%
1996-05,"479,289","4,673",0.97%
1996-06,"479,677","4,322",0.90%
1996-07,"478,069","4,289",0.90%
1996-08,"477,155","4,277",0.90%
1996-09,"478,511","4,400",0.92%
1996-10,"479,223","4,336",0.90%
1996-11,"480,321","4,590",0.96%
1996-12,"481,196","4,942",1.03%
1997-01,"481,887","5,010",1.04%
1997-02,"484,363","4,727",0.98%
1997-03,"486,115","4,761",0.98%
1997-04,"491,014","4,690",0.96%
1997-05,"494,171","4,698",0.95%
1997-06,"495,266","4,491",0.91%
1997-07,"494,207","4,253",0.86%
1997-08,"494,275","4,186",0.85%
1997-09,"496,112","4,117",0.83%
1997-10,"491,306","4,099",0.83%
1997-11,"489,902","3,936",0.80%
1997-12,"488,596","3,997",0.82%
1998-01,"488,641","4,262",0.87%
1998-02,"489,079","4,189",0.86%
1998-03,"490,636","4,011",0.82%
1998-04,"492,821","3,826",0.78%
1998-05,"497,223","3,714",0.75%
1998-06,"503,686","3,712",0.74%
1998-07,"503,783","3,487",0.69%
1998-08,"504,950","3,379",0.67%
1998-09,"506,094","3,346",0.66%
1998-10,"499,740","2,981",0.60%
1998-11,"516,947","3,202",0.62%
1998-12,"517,632","3,380",0.65%
1999-01,"515,517","3,253",0.63%
1999-02,"516,284","3,255",0.63%
1999-03,"518,181","3,095",0.60%
1999-04,"520,736","3,001",0.58%
1999-05,"525,270","3,028",0.58%
1999-06,"529,747","2,708",0.51%
1999-07,"503,232","2,417",0.48%
1999-08,"504,242","2,499",0.49%
1999-09,"504,885","2,441",0.48%
1999-10,"505,992","2,243",0.44%
1999-11,"506,897","2,258",0.45%
1999-12,"507,470","2,279",0.45%
2000-01,"507,383","2,326",0.46%
2000-02,"506,259","2,173",0.43%
2000-03,"507,410","2,118",0.42%
2000-04,"508,492","2,084",0.41%
2000-05,"512,648","2,008",0.39%
2000-06,"522,595","1,803",0.35%
2000-07,"523,942","1,849",0.35%
2000-08,"523,862","1,893",0.36%
2000-09,"523,772","1,857",0.35%
2000-10,"524,406","2,102",0.40%
2000-11,"512,938","2,053",0.40%
2000-12,"513,116","2,133",0.42%
2001-01,"513,102","2,370",0.46%
2001-02,"513,601","2,311",0.45%
2001-03,"514,370","2,315",0.45%
2001-04,"516,108","2,358",0.46%
2001-05,"520,062","2,433",0.47%
2001-06,"523,631","2,232",0.43%
2001-07,"524,327","2,341",0.45%
2001-08,"525,257","2,264",0.43%
2001-09,"526,409","2,133",0.41%
2001-10,"523,777","2,318",0.44%
2001-11,"529,536","2,079",0.39%
2001-12,"530,873","2,233",0.42%
2002-01,"529,896","2,216",0.42%
2002-02,"530,749","2,019",0.38%
2002-03,"532,382","1,945",0.37%
2002-04,"534,806","1,848",0.35%
2002-05,"540,055","1,796",0.33%
2002-06,"544,028","1,511",0.28%
2002-07,"544,542","1,494",0.27%
2002-08,"545,967","1,360",0.25%
2002-09,"549,024","1,455",0.27%
2002-10,"550,342","1,357",0.25%
2002-11,"545,243","1,282",0.24%
2002-12,"551,831","1,340",0.24%
2003-01,"543,751","1,307",0.24%
2003-02,"544,299","1,249",0.23%
2003-03,"545,673","1,241",0.23%
2003-04,"547,794","1,244",0.23%
2003-05,"552,098","1,221",0.22%
2003-06,"549,505","1,097",0.20%
2003-07,"550,434","1,106",0.20%
2003-08,"551,558","1,105",0.20%
2003-09,"547,075","1,165",0.21%
2003-10,"549,057","1,204",0.22%
2003-11,"550,924","1,121",0.20%
2003-12,"551,248","1,132",0.21%
2004-01,"551,955","1,144",0.21%
2004-02,"553,145","1,217",0.22%
2004-03,"555,843","1,186",0.21%
2004-04,"567,474","1,174",0.21%
2004-05,"571,874","1,210",0.21%
2004-06,"575,761","1,059",0.18%
2004-07,"575,897","1,000",0.17%
2004-08,"577,292","1,042",0.18%
2004-09,"572,220","1,014",0.18%
2004-10,"580,189","1,001",0.17%
2004-11,"582,877",942,0.16%
2004-12,"583,471","1,002",0.17%
2005-01,"584,194","1,097",0.19%
2005-02,"584,714","1,039",0.18%
2005-03,"586,207","1,051",0.18%
2005-04,"588,448",977,0.17%
2005-05,"580,530",963,0.17%
2005-06,"583,271",839,0.14%
2005-07,"590,000",840,0.14%
2005-08,"578,730",963,0.17%
2005-09,"584,651",944,0.16%
2005-10,"585,944",930,0.16%
2005-11,"586,692",936,0.16%
2005-12,"586,894","1,023",0.17%
2006-01,"587,162","1,114",0.19%
2006-02,"587,677","1,063",0.18%
2006-03,"588,987","1,032",0.18%
2006-04,"590,609","1,079",0.18%
2006-05,"593,616","1,076",0.18%
2006-06,"596,175","1,070",0.18%
2006-07,"595,248","1,079",0.18%
2006-08,"596,410","1,104",0.19%
2006-09,"597,564","1,139",0.19%
2006-10,"598,527","1,132",0.19%
2006-11,"598,979","1,171",0.20%
2006-12,"598,836","1,190",0.20%
2007-01,"599,431","1,270",0.21%
2007-02,"599,936","1,305",0.22%
2007-03,"600,011","1,341",0.22%
2007-04,"601,476","1,326",0.22%
2007-05,"604,707","1,351",0.22%
2007-06,"606,296","1,268",0.21%
2007-07,"606,861","1,254",0.21%
2007-08,"603,988","1,294",0.21%
2007-09,"609,067","1,350",0.22%
2007-10,"609,858","1,303",0.21%
2007-11,"611,374","1,311",0.21%
2007-12,"611,233","1,400",0.23%
2008-01,"611,231","1,475",0.24%
2008-02,"611,081","1,548",0.25%
2008-03,"613,436","1,588",0.26%
2008-04,"614,787","1,528",0.25%
2008-05,"617,607","1,587",0.26%
2008-06,"618,916","1,587",0.26%
2008-07,"619,516","1,487",0.24%
2008-08,"619,439","1,496",0.24%
2008-09,"622,614","1,570",0.25%
2008-10,"623,039","1,549",0.25%
2008-11,"623,399","1,624",0.26%
2008-12,"622,727","1,796",0.29%
2009-01,"622,205","1,944",0.31%
2009-02,"622,806","2,008",0.32%
2009-03,"624,027","2,125",0.34%
2009-04,"628,486","2,185",0.35%
2009-05,"631,098","2,201",0.35%
2009-06,"634,349","2,204",0.35%
2009-07,"636,049","2,201",0.35%
2009-08,"637,682","2,253",0.35%
2009-09,"639,280","2,284",0.36%
2009-10,"641,110","2,350",0.37%
2009-11,"643,021","2,439",0.38%
2009-12,"643,588","2,481",0.39%
2010-01,"643,887","2,406",0.37%
2010-02,"644,869","2,469",0.38%
2010-03,"646,762","2,409",0.37%
2010-04,"649,948","2,378",0.37%
2010-05,"654,785","2,358",0.36%
2010-06,"659,393","2,305",0.35%
2010-07,"659,716","2,256",0.34%
2010-08,"661,530","2,315",0.35%
2010-09,"662,993","2,321",0.35%
2010-10,"743,603","2,574",0.35%
2010-11,"746,780","2,569",0.34%
2010-12,"748,580","2,628",0.35%
As at:,"(1)
Total
Number of
Mortgages","(2)
Number of
Mortgages
in Arrears","(3)
% of Arrears to
Total Number
of Mortgages"
1995-01,"883,509","4,777",0.54%
1995-02,"883,991","4,742",0.54%
1995-03,"881,128","4,735",0.54%
1995-04,"885,195","4,741",0.54%
1995-05,"911,835","5,178",0.57%
1995-06,"916,207","5,308",0.58%
1995-07,"918,400","5,300",0.58%
1995-08,"921,577","5,816",0.63%
1995-09,"925,264","5,818",0.63%
1995-10,"926,551","5,775",0.62%
1995-11,"956,964","5,729",0.60%
1995-12,"958,476","5,656",0.59%
1996-01,"969,289","6,128",0.63%
1996-02,"972,103","6,357",0.65%
1996-03,"978,267","6,288",0.64%
1996-04,"982,006","6,190",0.63%
1996-05,"987,869","6,103",0.62%
1996-06,"992,187","6,042",0.61%
1996-07,"994,207","5,870",0.59%
1996-08,"998,698","5,983",0.60%
1996-09,"1,002,223","6,198",0.62%
1996-10,"1,005,656","5,889",0.59%
1996-11,"1,015,437","6,124",0.60%
1996-12,"1,018,525","6,264",0.62%
1997-01,"1,023,720","6,209",0.61%
1997-02,"1,028,385","6,394",0.62%
1997-03,"1,030,116","6,187",0.60%
1997-04,"1,036,627","5,882",0.57%
1997-05,"1,045,989","5,946",0.57%
1997-06,"1,050,699","5,739",0.55%
1997-07,"1,053,379","5,414",0.51%
1997-08,"1,057,940","5,396",0.51%
1997-09,"1,060,101","5,118",0.48%
1997-10,"1,063,598","4,979",0.47%
1997-11,"1,051,767","4,862",0.46%
1997-12,"1,064,272","4,845",0.46%
1998-01,"1,067,388","4,729",0.44%
1998-02,"1,069,305","4,612",0.43%
1998-03,"1,073,637","4,299",0.40%
1998-04,"1,076,587","4,267",0.40%
1998-05,"1,080,798","4,322",0.40%
1998-06,"1,090,023","4,368",0.40%
1998-07,"1,094,655","4,300",0.39%
1998-08,"1,097,865","4,366",0.40%
1998-09,"1,100,831","4,383",0.40%
1998-10,"1,107,318","4,270",0.39%
1998-11,"1,199,098","4,945",0.41%
1998-12,"1,200,251","5,282",0.44%
1999-01,"1,200,280","5,625",0.47%
1999-02,"1,202,572","5,682",0.47%
1999-03,"1,206,636","5,494",0.46%
1999-04,"1,213,708","5,230",0.43%
1999-05,"1,222,122","5,388",0.44%
1999-06,"1,236,886","5,066",0.41%
1999-07,"1,233,198","4,863",0.39%
1999-08,"1,238,518","4,771",0.39%
1999-09,"1,243,065","4,715",0.38%
1999-10,"1,246,519","4,478",0.36%
1999-11,"1,249,360","4,360",0.35%
1999-12,"1,251,093","4,457",0.36%
2000-01,"1,251,848","4,692",0.37%
2000-02,"1,254,266","4,701",0.37%
2000-03,"1,256,040","4,687",0.37%
2000-04,"1,256,450","4,648",0.37%
2000-05,"1,260,026","4,691",0.37%
2000-06,"1,442,364","4,805",0.33%
2000-07,"1,445,544","4,909",0.34%
2000-08,"1,449,417","4,874",0.34%
2000-09,"1,452,455","4,913",0.34%
2000-10,"1,447,422","4,932",0.34%
2000-11,"1,445,884","4,828",0.33%
2000-12,"1,446,447","5,072",0.35%
2001-01,"1,446,021","5,285",0.37%
2001-02,"1,446,287","5,162",0.36%
2001-03,"1,447,675","4,991",0.34%
2001-04,"1,448,650","4,958",0.34%
2001-05,"1,455,592","4,749",0.33%
2001-06,"1,461,228","4,700",0.32%
2001-07,"1,466,155","4,686",0.32%
2001-08,"1,485,731","4,796",0.32%
2001-09,"1,487,331","4,952",0.33%
2001-10,"1,489,143","5,247",0.35%
2001-11,"1,494,285","5,428",0.36%
2001-12,"1,495,732","5,842",0.39%
2002-01,"1,493,663","5,899",0.39%
2002-02,"1,493,596","5,716",0.38%
2002-03,"1,495,641","5,723",0.38%
2002-04,"1,497,066","5,651",0.38%
2002-05,"1,500,435","5,390",0.36%
2002-06,"1,505,380","5,137",0.34%
2002-07,"1,506,856","4,949",0.33%
2002-08,"1,512,181","4,812",0.32%
2002-09,"1,521,012","4,875",0.32%
2002-10,"1,522,348","4,779",0.31%
2002-11,"1,524,964","4,697",0.31%
2002-12,"1,523,746","4,848",0.32%
2003-01,"1,531,337","4,882",0.32%
2003-02,"1,531,742","4,935",0.32%
2003-03,"1,533,329","4,909",0.32%
2003-04,"1,534,145","4,770",0.31%
2003-05,"1,537,253","4,619",0.30%
2003-06,"1,542,795","4,589",0.30%
2003-07,"1,544,449","4,534",0.29%
2003-08,"1,549,209","4,768",0.31%
2003-09,"1,550,403","4,848",0.31%
2003-10,"1,552,349","4,896",0.32%
2003-11,"1,553,696","4,726",0.30%
2003-12,"1,551,550","4,702",0.30%
2004-01,"1,551,408","4,898",0.32%
2004-02,"1,551,462","4,759",0.31%
2004-03,"1,553,333","4,486",0.29%
2004-04,"1,556,247","4,274",0.27%
2004-05,"1,559,081","4,197",0.27%
2004-06,"1,563,975","3,990",0.26%
2004-07,"1,578,983","3,871",0.25%
2004-08,"1,581,365","3,867",0.24%
2004-09,"1,591,216","3,904",0.25%
2004-10,"1,587,484","4,072",0.26%
2004-11,"1,591,566","3,705",0.23%
2004-12,"1,591,711","3,699",0.23%
2005-01,"1,592,294","3,930",0.25%
2005-02,"1,592,152","4,004",0.25%
2005-03,"1,594,272","3,978",0.25%
2005-04,"1,596,623","3,875",0.24%
2005-05,"1,599,398","3,895",0.24%
2005-06,"1,608,729","3,924",0.24%
2005-07,"1,610,277","3,938",0.24%
2005-08,"1,610,538","4,063",0.25%
2005-09,"1,620,087","4,216",0.26%
2005-10,"1,622,237","4,297",0.26%
2005-11,"1,624,692","4,413",0.27%
2005-12,"1,624,621","4,612",0.28%
2006-01,"1,624,221","4,645",0.29%
2006-02,"1,624,736","4,577",0.28%
2006-03,"1,628,509","4,390",0.27%
2006-04,"1,630,570","4,367",0.27%
2006-05,"1,632,844","4,299",0.26%
2006-06,"1,638,654","4,269",0.26%
2006-07,"1,638,530","4,393",0.27%
2006-08,"1,640,979","4,320",0.26%
2006-09,"1,643,480","4,433",0.27%
2006-10,"1,644,209","4,474",0.27%
2006-11,"1,641,127","4,610",0.28%
2006-12,"1,640,685","4,727",0.29%
2007-01,"1,652,476","4,769",0.29%
2007-02,"1,652,889","4,921",0.30%
2007-03,"1,653,674","4,894",0.30%
2007-04,"1,654,792","4,927",0.30%
2007-05,"1,657,209","4,835",0.29%
2007-06,"1,661,068","4,882",0.29%
2007-07,"1,665,390","4,927",0.30%
2007-08,"1,658,763","4,958",0.30%
2007-09,"1,671,253","5,279",0.32%
2007-10,"1,673,425","5,366",0.32%
2007-11,"1,680,355","5,436",0.32%
2007-12,"1,677,674","5,040",0.30%
2008-01,"1,682,299","5,150",0.31%
2008-02,"1,678,026","5,227",0.31%
2008-03,"1,682,538","5,224",0.31%
2008-04,"1,684,649","5,020",0.30%
2008-05,"1,688,921","5,078",0.30%
2008-06,"1,692,910","5,066",0.30%
2008-07,"1,698,510","5,096",0.30%
2008-08,"1,702,174","5,271",0.31%
2008-09,"1,711,897","5,384",0.31%
2008-10,"1,714,274","5,550",0.32%
2008-11,"1,714,342","5,800",0.34%
2008-12,"1,712,824","6,174",0.36%
2009-01,"1,711,488","6,608",0.39%
2009-02,"1,710,679","6,955",0.41%
2009-03,"1,714,082","7,084",0.41%
2009-04,"1,720,632","7,279",0.42%
2009-05,"1,722,906","7,365",0.43%
2009-06,"1,727,851","7,458",0.43%
2009-07,"1,731,595","7,482",0.43%
2009-08,"1,734,900","7,509",0.43%
2009-09,"1,737,062","7,477",0.43%
2009-10,"1,740,073","7,372",0.42%
2009-11,"1,743,059","7,396",0.42%
2009-12,"1,743,409","7,340",0.42%
2010-01,"1,745,471","7,411",0.42%
2010-02,"1,745,974","7,405",0.42%
2010-03,"1,749,719","7,052",0.40%
2010-04,"1,756,653","6,842",0.39%
2010-05,"1,762,139","6,247",0.35%
2010-06,"1,772,643","6,610",0.37%
2010-07,"1,773,149","6,490",0.37%
2010-08,"1,776,065","6,360",0.36%
2010-09,"1,776,551","6,291",0.35%
2010-10,"1,788,973","6,338",0.35%
2010-11,"1,792,224","6,270",0.35%
2010-12,"1,793,660","6,482",0.36%
As at:,"(1)
Total
Number of
Mortgages","(2)
Number of
Mortgages
in Arrears","(3)
% of Arrears to
Total Number
of Mortgages"
1995-01,"83,281",388,0.47%
1995-02,"83,335",367,0.44%
1995-03,"83,364",356,0.43%
1995-04,"83,523",349,0.42%
1995-05,"84,177",347,0.41%
1995-06,"84,495",321,0.38%
1995-07,"84,692",350,0.41%
1995-08,"85,093",371,0.44%
1995-09,"85,374",375,0.44%
1995-10,"85,473",356,0.42%
1995-11,"85,748",352,0.41%
1995-12,"85,835",365,0.43%
1996-01,"85,990",386,0.45%
1996-02,"86,419",398,0.46%
1996-03,"86,633",404,0.47%
1996-04,"86,833",381,0.44%
1996-05,"87,242",403,0.46%
1996-06,"87,510",377,0.43%
1996-07,"87,669",382,0.44%
1996-08,"87,848",395,0.45%
1996-09,"87,956",402,0.46%
1996-10,"88,220",423,0.48%
1996-11,"88,504",443,0.50%
1996-12,"88,685",475,0.54%
1997-01,"88,729",494,0.56%
1997-02,"89,099",489,0.55%
1997-03,"89,272",477,0.53%
1997-04,"89,554",453,0.51%
1997-05,"89,968",478,0.53%
1997-06,"90,083",466,0.52%
1997-07,"90,316",447,0.49%
1997-08,"90,479",464,0.51%
1997-09,"90,807",458,0.50%
1997-10,"91,032",429,0.47%
1997-11,"90,800",406,0.45%
1997-12,"90,913",446,0.49%
1998-01,"91,009",448,0.49%
1998-02,"90,993",426,0.47%
1998-03,"91,295",380,0.42%
1998-04,"91,337",395,0.43%
1998-05,"91,463",374,0.41%
1998-06,"92,227",432,0.47%
1998-07,"92,537",463,0.50%
1998-08,"92,761",508,0.55%
1998-09,"93,214",532,0.57%
1998-10,"93,498",509,0.54%
1998-11,"94,893",575,0.61%
1998-12,"95,029",586,0.62%
1999-01,"95,030",579,0.61%
1999-02,"94,983",579,0.61%
1999-03,"95,193",545,0.57%
1999-04,"95,316",556,0.58%
1999-05,"95,495",551,0.58%
1999-06,"95,789",588,0.61%
1999-07,"95,596",574,0.60%
1999-08,"95,487",589,0.61%
1999-09,"95,955",575,0.60%
1999-10,"96,065",547,0.57%
1999-11,"96,163",567,0.59%
1999-12,"96,257",598,0.62%
2000-01,"96,113",561,0.58%
2000-02,"96,015",555,0.58%
2000-03,"96,004",504,0.52%
2000-04,"95,945",463,0.48%
2000-05,"96,097",442,0.46%
2000-06,"101,513",504,0.50%
2000-07,"101,449",520,0.51%
2000-08,"101,481",516,0.51%
2000-09,"101,421",507,0.50%
2000-10,"120,370",552,0.46%
2000-11,"114,360",544,0.48%
2000-12,"82,910",507,0.61%
2001-01,"82,705",491,0.59%
2001-02,"82,633",503,0.61%
2001-03,"82,833",490,0.59%
2001-04,"83,400",493,0.59%
2001-05,"83,413",480,0.58%
2001-06,"84,467",475,0.56%
2001-07,"84,600",524,0.62%
2001-08,"84,479",561,0.66%
2001-09,"84,659",605,0.71%
2001-10,"84,606",627,0.74%
2001-11,"84,513",625,0.74%
2001-12,"84,527",654,0.77%
2002-01,"84,025",651,0.77%
2002-02,"83,937",624,0.74%
2002-03,"83,940",592,0.70%
2002-04,"83,838",566,0.67%
2002-05,"83,840",560,0.67%
2002-06,"84,068",520,0.62%
2002-07,"84,056",532,0.63%
2002-08,"83,964",523,0.62%
2002-09,"84,057",538,0.64%
2002-10,"83,920",533,0.64%
2002-11,"83,804",512,0.61%
2002-12,"83,587",556,0.66%
2003-01,"83,412",549,0.66%
2003-02,"83,318",534,0.64%
2003-03,"83,355",518,0.62%
2003-04,"83,283",495,0.59%
2003-05,"83,362",482,0.58%
2003-06,"83,562",469,0.56%
2003-07,"86,491",482,0.56%
2003-08,"86,563",479,0.55%
2003-09,"86,673",473,0.55%
2003-10,"86,762",461,0.53%
2003-11,"86,756",445,0.51%
2003-12,"86,639",463,0.53%
2004-01,"86,515",475,0.55%
2004-02,"86,383",459,0.53%
2004-03,"86,293",416,0.48%
2004-04,"86,560",404,0.47%
2004-05,"86,715",410,0.47%
2004-06,"86,956",402,0.46%
2004-07,"87,529",378,0.43%
2004-08,"87,770",389,0.44%
2004-09,"87,954",386,0.44%
2004-10,"88,075",355,0.40%
2004-11,"88,128",355,0.40%
2004-12,"88,162",337,0.38%
2005-01,"88,079",339,0.39%
2005-02,"88,003",374,0.43%
2005-03,"87,991",363,0.41%
2005-04,"88,164",344,0.39%
2005-05,"87,932",344,0.39%
2005-06,"87,516",331,0.38%
2005-07,"87,758",356,0.41%
2005-08,"87,780",329,0.37%
2005-09,"88,080",342,0.39%
2005-10,"88,193",352,0.40%
2005-11,"88,234",355,0.40%
2005-12,"88,247",360,0.41%
2006-01,"88,136",365,0.41%
2006-02,"88,119",364,0.41%
2006-03,"88,173",341,0.39%
2006-04,"88,309",351,0.40%
2006-05,"88,442",359,0.41%
2006-06,"88,726",370,0.42%
2006-07,"88,963",355,0.40%
2006-08,"89,151",330,0.37%
2006-09,"89,195",338,0.38%
2006-10,"89,367",349,0.39%
2006-11,"104,343",312,0.30%
2006-12,"104,348",316,0.30%
2007-01,"104,045",323,0.31%
2007-02,"104,026",309,0.30%
2007-03,"103,922",287,0.28%
2007-04,"103,878",291,0.28%
2007-05,"103,945",271,0.26%
2007-06,"104,029",268,0.26%
2007-07,"104,605",258,0.25%
2007-08,"104,405",248,0.24%
2007-09,"104,810",224,0.21%
2007-10,"104,810",208,0.20%
2007-11,"104,954",204,0.19%
2007-12,"104,924",238,0.23%
2008-01,"104,819",238,0.23%
2008-02,"104,770",237,0.23%
2008-03,"105,014",217,0.21%
2008-04,"105,111",205,0.20%
2008-05,"105,273",205,0.19%
2008-06,"105,353",206,0.20%
2008-07,"105,954",213,0.20%
2008-08,"106,290",219,0.21%
2008-09,"106,470",218,0.20%
2008-10,"106,410",218,0.20%
2008-11,"106,373",214,0.20%
2008-12,"106,376",219,0.21%
2009-01,"106,251",238,0.22%
2009-02,"106,230",248,0.23%
2009-03,"106,262",236,0.22%
2009-04,"106,418",236,0.22%
2009-05,"106,566",251,0.24%
2009-06,"106,955",264,0.25%
2009-07,"107,217",273,0.25%
2009-08,"107,473",289,0.27%
2009-09,"107,685",275,0.26%
2009-10,"107,831",282,0.26%
2009-11,"108,018",317,0.29%
2009-12,"108,200",327,0.30%
2010-01,"108,191",333,0.31%
2010-02,"108,252",337,0.31%
2010-03,"108,438",300,0.28%
2010-04,"108,919",289,0.27%
2010-05,"109,332",289,0.26%
2010-06,"109,827",286,0.26%
2010-07,"110,292",286,0.26%
2010-08,"110,561",297,0.27%
2010-09,"110,784",314,0.28%
2010-10,"111,192",321,0.29%
2010-11,"111,378",309,0.28%
2010-12,"111,640",303,0.27%
As at:,"(1)
Total
Number of
Mortgages","(2)
Number of
Mortgages
in Arrears","(3)
% of Arrears to
Total Number
of Mortgages"
1995-01,"60,944",286,0.47%
1995-02,"61,169",272,0.44%
1995-03,"61,169",249,0.41%
1995-04,"61,152",250,0.41%
1995-05,"61,590",276,0.45%
1995-06,"61,963",262,0.42%
1995-07,"61,924",276,0.45%
1995-08,"62,148",275,0.44%
1995-09,"62,249",269,0.43%
1995-10,"62,316",281,0.45%
1995-11,"62,358",264,0.42%
1995-12,"62,322",285,0.46%
1996-01,"62,482",291,0.47%
1996-02,"62,785",278,0.44%
1996-03,"62,876",273,0.43%
1996-04,"63,036",257,0.41%
1996-05,"63,310",270,0.43%
1996-06,"63,576",255,0.40%
1996-07,"63,673",269,0.42%
1996-08,"63,812",279,0.44%
1996-09,"63,870",274,0.43%
1996-10,"64,064",262,0.41%
1996-11,"64,267",292,0.45%
1996-12,"64,396",311,0.48%
1997-01,"64,298",309,0.48%
1997-02,"64,428",318,0.49%
1997-03,"64,636",325,0.50%
1997-04,"64,893",317,0.49%
1997-05,"65,176",319,0.49%
1997-06,"65,470",309,0.47%
1997-07,"65,664",307,0.47%
1997-08,"65,890",291,0.44%
1997-09,"66,077",286,0.43%
1997-10,"66,220",254,0.38%
1997-11,"66,113",242,0.37%
1997-12,"66,135",246,0.37%
1998-01,"66,106",257,0.39%
1998-02,"66,152",245,0.37%
1998-03,"66,317",234,0.35%
1998-04,"66,375",226,0.34%
1998-05,"66,503",227,0.34%
1998-06,"67,081",222,0.33%
1998-07,"67,212",242,0.36%
1998-08,"67,371",252,0.37%
1998-09,"67,646",257,0.38%
1998-10,"67,795",253,0.37%
1998-11,"68,075",261,0.38%
1998-12,"68,073",294,0.43%
1999-01,"68,062",292,0.43%
1999-02,"68,086",312,0.46%
1999-03,"68,196",286,0.42%
1999-04,"68,313",271,0.40%
1999-05,"68,508",294,0.43%
1999-06,"68,829",272,0.40%
1999-07,"69,720",278,0.40%
1999-08,"70,017",277,0.40%
1999-09,"70,195",292,0.42%
1999-10,"70,299",279,0.40%
1999-11,"70,394",288,0.41%
1999-12,"70,460",282,0.40%
2000-01,"70,451",294,0.42%
2000-02,"70,406",308,0.44%
2000-03,"70,524",334,0.47%
2000-04,"70,225",313,0.45%
2000-05,"70,267",321,0.46%
2000-06,"73,478",332,0.45%
2000-07,"73,675",338,0.46%
2000-08,"73,831",339,0.46%
2000-09,"73,980",329,0.44%
2000-10,"62,133",280,0.45%
2000-11,"65,173",279,0.43%
2000-12,"96,425",379,0.39%
2001-01,"96,291",381,0.40%
2001-02,"96,321",373,0.39%
2001-03,"96,409",397,0.41%
2001-04,"96,749",405,0.42%
2001-05,"96,525",400,0.41%
2001-06,"95,827",413,0.43%
2001-07,"97,936",418,0.43%
2001-08,"98,215",413,0.42%
2001-09,"98,277",438,0.45%
2001-10,"98,554",440,0.45%
2001-11,"98,979",451,0.46%
2001-12,"98,926",483,0.49%
2002-01,"98,716",456,0.46%
2002-02,"98,859",485,0.49%
2002-03,"99,060",464,0.47%
2002-04,"99,175",447,0.45%
2002-05,"99,634",471,0.47%
2002-06,"100,019",457,0.46%
2002-07,"100,266",476,0.47%
2002-08,"100,530",477,0.47%
2002-09,"101,771",489,0.48%
2002-10,"101,664",451,0.44%
2002-11,"101,748",456,0.45%
2002-12,"101,625",495,0.49%
2003-01,"101,457",499,0.49%
2003-02,"101,573",481,0.47%
2003-03,"101,658",466,0.46%
2003-04,"101,844",473,0.46%
2003-05,"102,034",492,0.48%
2003-06,"102,384",469,0.46%
2003-07,"99,229",431,0.43%
2003-08,"99,251",445,0.45%
2003-09,"99,551",453,0.46%
2003-10,"99,581",425,0.43%
2003-11,"99,501",421,0.42%
2003-12,"99,426",436,0.44%
2004-01,"99,345",430,0.43%
2004-02,"99,312",434,0.44%
2004-03,"99,472",409,0.41%
2004-04,"99,896",395,0.40%
2004-05,"100,268",398,0.40%
2004-06,"100,736",376,0.37%
2004-07,"101,112",362,0.36%
2004-08,"101,341",375,0.37%
2004-09,"101,630",386,0.38%
2004-10,"101,865",361,0.35%
2004-11,"101,933",375,0.37%
2004-12,"101,921",362,0.35%
2005-01,"101,793",366,0.36%
2005-02,"101,839",374,0.37%
2005-03,"102,023",335,0.33%
2005-04,"102,239",311,0.30%
2005-05,"102,605",322,0.31%
2005-06,"99,517",300,0.30%
2005-07,"99,941",299,0.30%
2005-08,"100,085",302,0.30%
2005-09,"100,738",312,0.31%
2005-10,"101,026",308,0.30%
2005-11,"101,188",310,0.31%
2005-12,"101,223",321,0.32%
2006-01,"101,266",333,0.33%
2006-02,"101,365",340,0.34%
2006-03,"101,662",322,0.32%
2006-04,"101,973",320,0.31%
2006-05,"102,340",317,0.31%
2006-06,"102,732",331,0.32%
2006-07,"102,993",327,0.32%
2006-08,"103,319",327,0.32%
2006-09,"103,589",331,0.32%
2006-10,"103,768",337,0.32%
2006-11,"88,261",376,0.43%
2006-12,"88,359",389,0.44%
2007-01,"88,354",403,0.46%
2007-02,"88,440",402,0.45%
2007-03,"88,569",362,0.41%
2007-04,"88,770",360,0.41%
2007-05,"89,046",342,0.38%
2007-06,"89,377",320,0.36%
2007-07,"89,743",307,0.34%
2007-08,"89,917",314,0.35%
2007-09,"90,209",308,0.34%
2007-10,"90,669",309,0.34%
2007-11,"91,204",276,0.30%
2007-12,"91,476",281,0.31%
2008-01,"91,564",262,0.29%
2008-02,"91,719",250,0.27%
2008-03,"92,143",243,0.26%
2008-04,"92,491",225,0.24%
2008-05,"92,847",213,0.23%
2008-06,"93,239",202,0.22%
2008-07,"93,694",192,0.20%
2008-08,"94,022",201,0.21%
2008-09,"94,568",207,0.22%
2008-10,"94,903",202,0.21%
2008-11,"96,097",219,0.23%
2008-12,"96,277",224,0.23%
2009-01,"96,273",229,0.24%
2009-02,"96,582",239,0.25%
2009-03,"97,316",218,0.22%
2009-04,"97,857",208,0.21%
2009-05,"98,141",222,0.23%
2009-06,"98,702",220,0.22%
2009-07,"99,158",227,0.23%
2009-08,"99,579",248,0.25%
2009-09,"100,024",277,0.28%
2009-10,"100,451",279,0.28%
2009-11,"101,227",269,0.27%
2009-12,"101,527",295,0.29%
2010-01,"101,618",307,0.30%
2010-02,"101,653",318,0.31%
2010-03,"101,977",306,0.30%
2010-04,"102,448",301,0.29%
2010-05,"102,669",294,0.29%
2010-06,"103,198",274,0.27%
2010-07,"103,550",304,0.29%
2010-08,"103,876",315,0.30%
2010-09,"104,227",312,0.30%
2010-10,"104,681",322,0.31%
2010-11,"105,177",322,0.31%
2010-12,"105,859",351,0.33%
As at:,"(1)
Total
Number of
Mortgages","(2)
Number of
Mortgages
in Arrears","(3)
% of Arrears to
Total Number
of Mortgages"
1995-01,"229,240","1,117",0.49%
1995-02,"229,661","1,121",0.49%
1995-03,"230,627","1,116",0.48%
1995-04,"231,231","1,160",0.50%
1995-05,"235,160","1,206",0.51%
1995-06,"236,538","1,238",0.52%
1995-07,"237,099","1,308",0.55%
1995-08,"238,279","1,361",0.57%
1995-09,"239,255","1,385",0.58%
1995-10,"239,934","1,373",0.57%
1995-11,"247,728","1,430",0.58%
1995-12,"248,017","1,452",0.59%
1996-01,"249,569","1,596",0.64%
1996-02,"250,365","1,632",0.65%
1996-03,"252,255","1,612",0.64%
1996-04,"253,130","1,598",0.63%
1996-05,"254,576","1,588",0.62%
1996-06,"255,960","1,546",0.60%
1996-07,"256,410","1,519",0.59%
1996-08,"257,505","1,574",0.61%
1996-09,"258,285","1,585",0.61%
1996-10,"259,339","1,592",0.61%
1996-11,"261,311","1,738",0.67%
1996-12,"262,191","1,790",0.68%
1997-01,"263,328","1,792",0.68%
1997-02,"264,374","1,835",0.69%
1997-03,"265,663","1,812",0.68%
1997-04,"265,966","1,717",0.65%
1997-05,"268,475","1,815",0.68%
1997-06,"269,573","1,780",0.66%
1997-07,"271,724","1,762",0.65%
1997-08,"272,918","1,709",0.63%
1997-09,"274,133","1,606",0.59%
1997-10,"275,921","1,461",0.53%
1997-11,"275,909","1,360",0.49%
1997-12,"276,499","1,336",0.48%
1998-01,"277,529","1,317",0.47%
1998-02,"278,573","1,239",0.44%
1998-03,"279,946","1,085",0.39%
1998-04,"281,258","1,033",0.37%
1998-05,"283,297","1,110",0.39%
1998-06,"286,244","1,090",0.38%
1998-07,"287,807","1,091",0.38%
1998-08,"289,182","1,127",0.39%
1998-09,"290,602","1,073",0.37%
1998-10,"291,800","1,076",0.37%
1998-11,"301,000","1,220",0.41%
1998-12,"301,766","1,270",0.42%
1999-01,"301,971","1,362",0.45%
1999-02,"302,551","1,442",0.48%
1999-03,"303,561","1,332",0.44%
1999-04,"305,048","1,253",0.41%
1999-05,"306,201","1,335",0.44%
1999-06,"307,632","1,348",0.44%
1999-07,"315,805","1,362",0.43%
1999-08,"316,941","1,277",0.40%
1999-09,"317,972","1,273",0.40%
1999-10,"319,135","1,271",0.40%
1999-11,"319,942","1,270",0.40%
1999-12,"320,352","1,316",0.41%
2000-01,"320,711","1,334",0.42%
2000-02,"321,272","1,316",0.41%
2000-03,"321,947","1,253",0.39%
2000-04,"321,938","1,189",0.37%
2000-05,"322,689","1,168",0.36%
2000-06,"356,674","1,207",0.34%
2000-07,"357,591","1,268",0.35%
2000-08,"358,880","1,293",0.36%
2000-09,"360,411","1,321",0.37%
2000-10,"363,282","1,384",0.38%
2000-11,"365,971","1,373",0.38%
2000-12,"366,682","1,393",0.38%
2001-01,"367,016","1,450",0.40%
2001-02,"367,814","1,418",0.39%
2001-03,"368,980","1,366",0.37%
2001-04,"370,040","1,360",0.37%
2001-05,"367,755","1,267",0.34%
2001-06,"368,071","1,261",0.34%
2001-07,"368,903","1,386",0.38%
2001-08,"369,889","1,468",0.40%
2001-09,"371,232","1,524",0.41%
2001-10,"372,148","1,539",0.41%
2001-11,"374,485","1,515",0.40%
2001-12,"375,129","1,563",0.42%
2002-01,"375,019","1,526",0.41%
2002-02,"375,655","1,483",0.39%
2002-03,"377,055","1,397",0.37%
2002-04,"377,055","1,397",0.37%
2002-05,"378,049","1,444",0.38%
2002-06,"379,953","1,519",0.40%
2002-07,"382,190","1,495",0.39%
2002-08,"383,034","1,519",0.40%
2002-09,"389,004","1,641",0.42%
2002-10,"389,770","1,564",0.40%
2002-11,"390,823","1,583",0.41%
2002-12,"390,977","1,659",0.42%
2003-01,"391,528","1,778",0.45%
2003-02,"392,307","1,727",0.44%
2003-03,"393,402","1,681",0.43%
2003-04,"394,679","1,628",0.41%
2003-05,"396,235","1,593",0.40%
2003-06,"398,440","1,623",0.41%
2003-07,"397,247","1,608",0.40%
2003-08,"398,427","1,714",0.43%
2003-09,"399,456","1,775",0.44%
2003-10,"400,617","1,732",0.43%
2003-11,"401,145","1,747",0.44%
2003-12,"401,642","1,740",0.43%
2004-01,"402,076","1,807",0.45%
2004-02,"402,753","1,803",0.45%
2004-03,"404,282","1,682",0.42%
2004-04,"407,084","1,575",0.39%
2004-05,"408,568","1,531",0.37%
2004-06,"410,550","1,501",0.37%
2004-07,"412,219","1,396",0.34%
2004-08,"413,647","1,455",0.35%
2004-09,"415,035","1,462",0.35%
2004-10,"416,457","1,458",0.35%
2004-11,"417,775","1,461",0.35%
2004-12,"418,239","1,490",0.36%
2005-01,"418,861","1,532",0.37%
2005-02,"419,344","1,521",0.36%
2005-03,"420,986","1,505",0.36%
2005-04,"422,422","1,429",0.34%
2005-05,"424,484","1,428",0.34%
2005-06,"427,420","1,372",0.32%
2005-07,"427,916","1,386",0.32%
2005-08,"428,282","1,404",0.33%
2005-09,"430,621","1,440",0.33%
2005-10,"431,941","1,427",0.33%
2005-11,"433,345","1,395",0.32%
2005-12,"434,191","1,392",0.32%
2006-01,"434,899","1,369",0.31%
2006-02,"435,905","1,211",0.28%
2006-03,"438,382","1,123",0.26%
2006-04,"439,522","1,059",0.24%
2006-05,"441,457","1,016",0.23%
2006-06,"444,284",995,0.22%
2006-07,"444,847",982,0.22%
2006-08,"446,045",931,0.21%
2006-09,"447,327",887,0.20%
2006-10,"448,151",850,0.19%
2006-11,"444,903",812,0.18%
2006-12,"445,428",782,0.18%
2007-01,"451,145",783,0.17%
2007-02,"452,376",784,0.17%
2007-03,"454,009",740,0.16%
2007-04,"455,220",687,0.15%
2007-05,"456,400",649,0.14%
2007-06,"458,044",659,0.14%
2007-07,"459,288",702,0.15%
2007-08,"457,237",706,0.15%
2007-09,"461,110",703,0.15%
2007-10,"461,827",741,0.16%
2007-11,"463,631",778,0.17%
2007-12,"463,493",821,0.18%
2008-01,"463,816",941,0.20%
2008-02,"465,015","1,030",0.22%
2008-03,"466,341","1,054",0.23%
2008-04,"467,478","1,102",0.24%
2008-05,"468,873","1,167",0.25%
2008-06,"470,012","1,208",0.26%
2008-07,"471,913","1,301",0.28%
2008-08,"473,072","1,429",0.30%
2008-09,"477,054","1,606",0.34%
2008-10,"477,743","1,654",0.35%
2008-11,"477,974","1,771",0.37%
2008-12,"478,043","1,933",0.40%
2009-01,"477,488","2,168",0.45%
2009-02,"477,894","2,278",0.48%
2009-03,"478,980","2,416",0.50%
2009-04,"481,260","2,579",0.54%
2009-05,"482,092","2,776",0.58%
2009-06,"484,375","2,900",0.60%
2009-07,"485,468","3,020",0.62%
2009-08,"486,468","3,160",0.65%
2009-09,"487,068","3,272",0.67%
2009-10,"488,047","3,379",0.69%
2009-11,"491,056","3,520",0.72%
2009-12,"491,767","3,666",0.75%
2010-01,"492,299","3,580",0.73%
2010-02,"493,162","3,584",0.73%
2010-03,"494,955","3,567",0.72%
2010-04,"497,243","3,555",0.71%
2010-05,"498,570","3,661",0.73%
2010-06,"500,429","3,707",0.73%
2010-07,"501,320","3,794",0.76%
2010-08,"502,223","3,928",0.78%
2010-09,"502,688","3,940",0.78%
2010-10,"504,506","4,049",0.80%
2010-11,"505,569","4,109",0.81%
2010-12,"506,296","4,193",0.83%
As at:,"(1)
Total
Number of
Mortgages","(2)
Number of
Mortgages
in Arrears","(3)
% of Arrears to
Total Number
of Mortgages"
1995-01,"306,086",433,0.14%
1995-02,"306,855",421,0.14%
1995-03,"307,988",452,0.15%
1995-04,"308,779",468,0.15%
1995-05,"316,265",485,0.15%
1995-06,"318,103",490,0.15%
1995-07,"319,153",552,0.17%
1995-08,"320,844",589,0.18%
1995-09,"322,025",559,0.17%
1995-10,"322,756",585,0.18%
1995-11,"328,125",630,0.19%
1995-12,"328,898",660,0.20%
1996-01,"331,234",762,0.23%
1996-02,"332,766",809,0.24%
1996-03,"335,368",863,0.26%
1996-04,"336,615",847,0.25%
1996-05,"337,472",844,0.25%
1996-06,"338,737",831,0.25%
1996-07,"338,630",836,0.25%
1996-08,"339,636",862,0.25%
1996-09,"340,515",877,0.26%
1996-10,"342,212",901,0.26%
1996-11,"344,414","1,003",0.29%
1996-12,"345,227","1,076",0.31%
1997-01,"346,383","1,138",0.33%
1997-02,"347,966","1,159",0.33%
1997-03,"349,346","1,223",0.35%
1997-04,"351,158","1,218",0.35%
1997-05,"352,415","1,252",0.36%
1997-06,"353,906","1,260",0.36%
1997-07,"353,329","1,247",0.35%
1997-08,"354,602","1,223",0.34%
1997-09,"355,143","1,258",0.35%
1997-10,"356,192","1,251",0.35%
1997-11,"356,632","1,269",0.36%
1997-12,"357,061","1,321",0.37%
1998-01,"357,641","1,396",0.39%
1998-02,"358,234","1,375",0.38%
1998-03,"359,186","1,401",0.39%
1998-04,"359,599","1,413",0.39%
1998-05,"360,362","1,485",0.41%
1998-06,"362,433","1,543",0.43%
1998-07,"363,474","1,604",0.44%
1998-08,"364,146","1,688",0.46%
1998-09,"364,789","1,802",0.49%
1998-10,"335,348","1,846",0.55%
1998-11,"376,048","1,985",0.53%
1998-12,"376,410","2,120",0.56%
1999-01,"376,224","2,235",0.59%
1999-02,"376,748","2,341",0.62%
1999-03,"377,687","2,311",0.61%
1999-04,"375,947","2,333",0.62%
1999-05,"379,783","2,490",0.66%
1999-06,"381,312","2,433",0.64%
1999-07,"416,987","2,485",0.60%
1999-08,"417,434","2,537",0.61%
1999-09,"417,961","2,607",0.62%
1999-10,"418,429","2,556",0.61%
1999-11,"418,824","2,607",0.62%
1999-12,"418,367","2,580",0.62%
2000-01,"418,326","2,633",0.63%
2000-02,"418,401","2,613",0.62%
2000-03,"418,777","2,864",0.68%
2000-04,"418,471","2,535",0.61%
2000-05,"418,995","2,501",0.60%
2000-06,"455,739","2,639",0.58%
2000-07,"455,485","2,637",0.58%
2000-08,"455,462","2,681",0.59%
2000-09,"455,083","2,778",0.61%
2000-10,"455,439","2,839",0.62%
2000-11,"453,602","2,895",0.64%
2000-12,"453,042","2,920",0.64%
2001-01,"452,256","2,966",0.66%
2001-02,"452,033","2,937",0.65%
2001-03,"452,192","2,861",0.63%
2001-04,"452,696","2,902",0.64%
2001-05,"463,274","2,897",0.63%
2001-06,"464,271","2,853",0.61%
2001-07,"464,931","2,896",0.62%
2001-08,"465,428","2,894",0.62%
2001-09,"466,361","2,956",0.63%
2001-10,"466,344","2,932",0.63%
2001-11,"467,414","2,908",0.62%
2001-12,"467,307","3,028",0.65%
2002-01,"466,400","2,968",0.64%
2002-02,"467,474","2,902",0.62%
2002-03,"468,508","2,836",0.61%
2002-04,"469,469","2,705",0.58%
2002-05,"470,561","2,629",0.56%
2002-06,"471,275","2,527",0.54%
2002-07,"470,865","2,529",0.54%
2002-08,"471,621","2,486",0.53%
2002-09,"474,317","2,487",0.52%
2002-10,"474,791","2,403",0.51%
2002-11,"475,325","2,380",0.50%
2002-12,"474,545","2,416",0.51%
2003-01,"474,709","2,355",0.50%
2003-02,"475,130","2,326",0.49%
2003-03,"475,999","2,289",0.48%
2003-04,"476,688","2,205",0.46%
2003-05,"477,819","2,161",0.45%
2003-06,"479,995","2,123",0.44%
2003-07,"483,316","2,065",0.43%
2003-08,"484,177","2,078",0.43%
2003-09,"485,219","2,046",0.42%
2003-10,"486,256","1,946",0.40%
2003-11,"486,894","1,865",0.38%
2003-12,"486,096","1,778",0.37%
2004-01,"486,423","1,783",0.37%
2004-02,"487,041","1,752",0.36%
2004-03,"488,522","1,656",0.34%
2004-04,"491,716","1,542",0.31%
2004-05,"493,131","1,475",0.30%
2004-06,"495,164","1,370",0.28%
2004-07,"497,467","1,332",0.27%
2004-08,"498,474","1,281",0.26%
2004-09,"499,480","1,250",0.25%
2004-10,"500,505","1,217",0.24%
2004-11,"501,353","1,183",0.24%
2004-12,"501,185","1,128",0.23%
2005-01,"501,997","1,177",0.23%
2005-02,"502,535","1,173",0.23%
2005-03,"504,946","1,117",0.22%
2005-04,"506,814","1,063",0.21%
2005-05,"508,833","1,021",0.20%
2005-06,"509,996",940,0.18%
2005-07,"513,028",928,0.18%
2005-08,"513,647",899,0.18%
2005-09,"518,076",932,0.18%
2005-10,"519,329",910,0.18%
2005-11,"521,261",924,0.18%
2005-12,"521,703",934,0.18%
2006-01,"522,040",939,0.18%
2006-02,"523,136",871,0.17%
2006-03,"525,357",807,0.15%
2006-04,"526,883",791,0.15%
2006-05,"528,408",752,0.14%
2006-06,"530,562",742,0.14%
2006-07,"530,888",731,0.14%
2006-08,"531,722",734,0.14%
2006-09,"532,800",762,0.14%
2006-10,"533,534",718,0.13%
2006-11,"530,812",746,0.14%
2006-12,"530,672",771,0.15%
2007-01,"535,213",805,0.15%
2007-02,"536,499",781,0.15%
2007-03,"537,854",751,0.14%
2007-04,"540,192",722,0.13%
2007-05,"541,069",733,0.14%
2007-06,"542,748",728,0.13%
2007-07,"544,773",765,0.14%
2007-08,"542,117",748,0.14%
2007-09,"548,139",768,0.14%
2007-10,"549,013",744,0.14%
2007-11,"551,702",760,0.14%
2007-12,"551,810",782,0.14%
2008-01,"552,576",818,0.15%
2008-02,"553,902",862,0.16%
2008-03,"556,490",874,0.16%
2008-04,"558,921",814,0.15%
2008-05,"561,404",867,0.15%
2008-06,"563,833",929,0.16%
2008-07,"565,755",959,0.17%
2008-08,"566,383","1,011",0.18%
2008-09,"570,302","1,044",0.18%
2008-10,"570,619","1,081",0.19%
2008-11,"571,181","1,176",0.21%
2008-12,"571,281","1,288",0.23%
2009-01,"570,711","1,447",0.25%
2009-02,"570,848","1,549",0.27%
2009-03,"571,988","1,645",0.29%
2009-04,"573,795","1,784",0.31%
2009-05,"575,572","1,886",0.33%
2009-06,"577,620","1,968",0.34%
2009-07,"579,276","2,031",0.35%
2009-08,"581,535","2,091",0.36%
2009-09,"583,121","2,146",0.37%
2009-10,"584,777","2,236",0.38%
2009-11,"587,720","2,263",0.39%
2009-12,"587,996","2,352",0.40%
2010-01,"588,557","2,381",0.40%
2010-02,"588,696","2,411",0.41%
2010-03,"590,830","2,399",0.41%
2010-04,"593,000","2,388",0.40%
2010-05,"594,645","2,509",0.42%
2010-06,"596,436","2,534",0.42%
2010-07,"595,933","2,584",0.43%
2010-08,"595,874","2 ,667",0.45%
2010-09,"595,913","2 ,701",0.45%
2010-10,"596,993","2,719",0.46%
2010-11,"597,432","2,717",0.45%
2010-12,"597,303","2,779",0.47%
As at:,"(1)
Total
Number of
Mortgages","(2)
Number of
Mortgages
in Arrears","(3)
% of Arrears to
Total Number
of Mortgages"
1995-01,"5,130",*,*
1995-02,"5,148",*,*
1995-03,"5,204",*,*
1995-04,"5,225",*,*
1995-05,"5,266",*,*
1995-06,"5,309",*,*
1995-07,"5,334",*,*
1995-08,"5,410",*,*
1995-09,"5,465",*,*
1995-10,"5,495",*,*
1995-11,"5,566",*,*
1995-12,"5,601",*,*
1996-01,"5,636",*,*
1996-02,"5,658",*,*
1996-03,"5,698",*,*
1996-04,"5,739",*,*
1996-05,"5,771",*,*
1996-06,"5,860",*,*
1996-07,"5,899",*,*
1996-08,"5,946",*,*
1996-09,"5,989",*,*
1996-10,"6,047",*,*
1996-11,"6,087",*,*
1996-12,"6,162",*,*
1997-01,"6,205",*,*
1997-02,"6,234",*,*
1997-03,"6,274",*,*
1997-04,"6,365",*,*
1997-05,"6,471",*,*
1997-06,"6,521",*,*
1997-07,"6,541",*,*
1997-08,"6,578",*,*
1997-09,"6,613",*,*
1997-10,"6,631",*,*
1997-11,"6,639",*,*
1997-12,"6,661",*,*
1998-01,"6,671",*,*
1998-02,"6,712",*,*
1998-03,"6,742",*,*
1998-04,"6,767",*,*
1998-05,"6,811",*,*
1998-06,"6,862",*,*
1998-07,"6,883",*,*
1998-08,"6,901",*,*
1998-09,"6,908",*,*
1998-10,"6,943",*,*
1998-11,"6,969",*,*
1998-12,"6,928",*,*
1999-01,"6,889",*,*
1999-02,"6,980",*,*
1999-03,"7,016",*,*
1999-04,"6,946",*,*
1999-05,"7,059",*,*
1999-06,"7,122",*,*
1999-07,"7,103",*,*
1999-08,"7,112",*,*
1999-09,"7,123",*,*
1999-10,"7,115",*,*
1999-11,"7,114",*,*
1999-12,"7,110",*,*
2000-01,"7,124",*,*
2000-02,"7,125",*,*
2000-03,"7,131",*,*
2000-04,"7,131",*,*
2000-05,"7,076",*,*
2000-06,"7,128",*,*
2000-07,"7,148",*,*
2000-08,"7,184",*,*
2000-09,"7,183",*,*
2000-10,"4,079",*,*
2000-11,"4,075",*,*
2000-12,"4,051",*,*
2001-01,"4,038",*,*
2001-02,"4,037",*,*
2001-03,"4,044",*,*
2001-04,"4,046",*,*
2001-05,"4,039",*,*
2001-06,"4,048",*,*
2001-07,"4,044",*,*
2001-08,"4,045",*,*
2001-09,"4,033",*,*
2001-10,"4,015",*,*
2001-11,"4,017",*,*
2001-12,"4,009",*,*
2002-01,"4,001",*,*
2002-02,"4,005",*,*
2002-03,"3,991",*,*
2002-04,"3,980",*,*
2002-05,"3,972",*,*
2002-06,"3,968",*,*
2002-07,"3,967",*,*
2002-08,"3,963",*,*
2002-09,"3,966",*,*
2002-10,"3,962",*,*
2002-11,"3,952",*,*
2002-12,"3,951",*,*
2003-01,"3,953",*,*
2003-02,"3,971",*,*
2003-03,"3,948",*,*
2003-04,"3,965",*,*
2003-05,"3,980",*,*
2003-06,"3,995",*,*
2003-07,"3,983",*,*
2003-08,"3,981",*,*
2003-09,"3,984",*,*
2003-10,"3,998",*,*
2003-11,"3,984",*,*
2003-12,"3,980",*,*
2004-01,"3,996",*,*
2004-02,"3,999",*,*
2004-03,"3,991",*,*
2004-04,"4,006",*,*
2004-05,"4,019",*,*
2004-06,"4,017",*,*
2004-07,"4,041",*,*
2004-08,"4,025",*,*
2004-09,"4,036",*,*
2004-10,"4,046",*,*
2004-11,"4,041",*,*
2004-12,"4,052",*,*
2005-01,"4,055",*,*
2005-02,"4,044",*,*
2005-03,"4,073",*,*
2005-04,"4,084",*,*
2005-05,"4,092",*,*
2005-06,"4,119",*,*
2005-07,"4,140",*,*
2005-08,"4,165",*,*
2005-09,"4,187",*,*
2005-10,"4,206",*,*
2005-11,"4,213",*,*
2005-12,"4,224",*,*
2006-01,"4,239",*,*
2006-02,"4,258",*,*
2006-03,"4,282",*,*
2006-04,"4,285",*,*
2006-05,"4,292",*,*
2006-06,"4,316",*,*
2006-07,"4,321",*,*
2006-08,"4,364",*,*
2006-09,"4,384",*,*
2006-10,"4,398",*,*
2006-11,"8,038",*,*
2006-12,"8,030",*,*
2007-01,"8,035",*,*
2007-02,"8,030",*,*
2007-03,"8,023",*,*
2007-04,"8,044",*,*
2007-05,"8,045",*,*
2007-06,"8,115",*,*
2007-07,"8,163",*,*
2007-08,"8,226",*,*
2007-09,"8,252",*,*
2007-10,"8,258",*,*
2007-11,"8,271",*,*
2007-12,"8,271",*,*
2008-01,"8,270",*,*
2008-02,"8,296",*,*
2008-03,"8,290",*,*
2008-04,"8,282",*,*
2008-05,"8,290",*,*
2008-06,"8,288",*,*
2008-07,"8,315",*,*
2008-08,"8,395",*,*
2008-09,"8,391",*,*
2008-10,"8,381",*,*
2008-11,"8,410",*,*
2008-12,"8,428",*,*
2009-01,"8,415",*,*
2009-02,"8,433",*,*
2009-03,"8,432",*,*
2009-04,"8,435",*,*
2009-05,"8,451",*,*
2009-06,"8,483",*,*
2009-07,"8,503",*,*
2009-08,"8,530",*,*
2009-09,"8,535",*,*
2009-10,"8,570",*,*
2009-11,"8,582",*,*
2009-12,"8,587",*,*
2010-01,"8,593",*,*
2010-02,"8,601",*,*
2010-03,"8,609",*,*
2010-04,"8,608",*,*
2010-05,"8,622",*,*
2010-06,"8,635",*,*
2010-07,"8,640",*,*
2010-08,"8,668",*,*
2010-09,"8,675",*,*
2010-10,"8,669",*,*
2010-11,"8,691",*,*
2010-12,"8,691",*,*
