REF_DATE,GEO,DGUID,New housing price indexes,UOM,UOM_ID,SCALAR_FACTOR,SCALAR_ID,VECTOR,COORDINATE,VALUE,STATUS,SYMBOL,TERMINATED,DECIMALS
2005-01-01,Canada,2016A000011124,Total (house and land),"Index, 201612=100",347,units,0,v111955442,1.1,70.1,,,,1
2005-01-01,Canada,2016A000011124,House only,"Index, 201612=100",347,units,0,v111955443,1.2,69.1,,,,1
2005-01-01,Canada,2016A000011124,Land only,"Index, 201612=100",347,units,0,v111955444,1.3,73.0,E,,,1
2005-02-01,Canada,2016A000011124,Total (house and land),"Index, 201612=100",347,units,0,v111955442,1.1,70.3,,,,1
2005-02-01,Canada,2016A000011124,House only,"Index, 201612=100",347,units,0,v111955443,1.2,69.3,,,,1
2005-02-01,Canada,2016A000011124,Land only,"Index, 201612=100",347,units,0,v111955444,1.3,73.1,E,,,1
2005-03-01,Canada,2016A000011124,Total (house and land),"Index, 201612=100",347,units,0,v111955442,1.1,70.6,,,,1
2005-03-01,Canada,2016A000011124,House only,"Index, 201612=100",347,units,0,v111955443,1.2,69.6,,,,1
2005-03-01,Canada,2016A000011124,Land only,"Index, 201612=100",347,units,0,v111955444,1.3,73.5,E,,,1
2005-04-01,Canada,2016A000011124,Total (house and land),"Index, 201612=100",347,units,0,v111955442,1.1,71.0,,,,1
2005-04-01,Canada,2016A000011124,House only,"Index, 201612=100",347,units,0,v111955443,1.2,69.9,,,,1
2005-04-01,Canada,2016A000011124,Land only,"Index, 201612=100",347,units,0,v111955444,1.3,73.8,E,,,1
2005-05-01,Canada,2016A000011124,Total (house and land),"Index, 201612=100",347,units,0,v111955442,1.1,71.3,,,,1
2005-05-01,Canada,2016A000011124,House only,"Index, 201612=100",347,units,0,v111955443,1.2,70.3,,,,1
2005-05-01,Canada,2016A000011124,Land only,"Index, 201612=100",347,units,0,v111955444,1.3,74.2,E,,,1
2005-06-01,Canada,2016A000011124,Total (house and land),"Index, 201612=100",347,units,0,v111955442,1.1,71.9,,,,1
2005-06-01,Canada,2016A000011124,House only,"Index, 201612=100",347,units,0,v111955443,1.2,70.4,,,,1
2005-06-01,Canada,2016A000011124,Land only,"Index, 201612=100",347,units,0,v111955444,1.3,75.5,E,,,1
2005-07-01,Canada,2016A000011124,Total (house and land),"Index, 201612=100",347,units,0,v111955442,1.1,72.0,,,,1
2005-07-01,Canada,2016A000011124,House only,"Index, 201612=100",347,units,0,v111955443,1.2,70.6,,,,1
2005-07-01,Canada,2016A000011124,Land only,"Index, 201612=100",347,units,0,v111955444,1.3,75.6,E,,,1
2005-08-01,Canada,2016A000011124,Total (house and land),"Index, 201612=100",347,units,0,v111955442,1.1,72.3,,,,1
2005-08-01,Canada,2016A000011124,House only,"Index, 201612=100",347,units,0,v111955443,1.2,70.9,,,,1
2005-08-01,Canada,2016A000011124,Land only,"Index, 201612=100",347,units,0,v111955444,1.3,75.9,E,,,1
2005-09-01,Canada,2016A000011124,Total (house and land),"Index, 201612=100",347,units,0,v111955442,1.1,72.7,,,,1
2005-09-01,Canada,2016A000011124,House only,"Index, 201612=100",347,units,0,v111955443,1.2,71.3,,,,1
2005-09-01,Canada,2016A000011124,Land only,"Index, 201612=100",347,units,0,v111955444,1.3,76.2,E,,,1
2005-10-01,Canada,2016A000011124,Total (house and land),"Index, 201612=100",347,units,0,v111955442,1.1,73.2,,,,1
2005-10-01,Canada,2016A000011124,House only,"Index, 201612=100",347,units,0,v111955443,1.2,71.9,,,,1
2005-10-01,Canada,2016A000011124,Land only,"Index, 201612=100",347,units,0,v111955444,1.3,76.4,E,,,1
2005-11-01,Canada,2016A000011124,Total (house and land),"Index, 201612=100",347,units,0,v111955442,1.1,73.6,,,,1
2005-11-01,Canada,2016A000011124,House only,"Index, 201612=100",347,units,0,v111955443,1.2,72.3,,,,1
2005-11-01,Canada,2016A000011124,Land only,"Index, 201612=100",347,units,0,v111955444,1.3,76.8,E,,,1
2005-12-01,Canada,2016A000011124,Total (house and land),"Index, 201612=100",347,units,0,v111955442,1.1,74.1,,,,1
2005-12-01,Canada,2016A000011124,House only,"Index, 201612=100",347,units,0,v111955443,1.2,72.8,,,,1
2005-12-01,Canada,2016A000011124,Land only,"Index, 201612=100",347,units,0,v111955444,1.3,77.1,E,,,1
2006-01-01,Canada,2016A000011124,Total (house and land),"Index, 201612=100",347,units,0,v111955442,1.1,74.7,,,,1
2006-01-01,Canada,2016A000011124,House only,"Index, 201612=100",347,units,0,v111955443,1.2,73.6,,,,1
2006-01-01,Canada,2016A000011124,Land only,"Index, 201612=100",347,units,0,v111955444,1.3,77.4,E,,,1
2006-02-01,Canada,2016A000011124,Total (house and land),"Index, 201612=100",347,units,0,v111955442,1.1,75.2,,,,1
2006-02-01,Canada,2016A000011124,House only,"Index, 201612=100",347,units,0,v111955443,1.2,74.2,,,,1
2006-02-01,Canada,2016A000011124,Land only,"Index, 201612=100",347,units,0,v111955444,1.3,77.7,E,,,1
2006-03-01,Canada,2016A000011124,Total (house and land),"Index, 201612=100",347,units,0,v111955442,1.1,76.0,,,,1
2006-03-01,Canada,2016A000011124,House only,"Index, 201612=100",347,units,0,v111955443,1.2,75.0,,,,1
2006-03-01,Canada,2016A000011124,Land only,"Index, 201612=100",347,units,0,v111955444,1.3,78.3,E,,,1
2006-04-01,Canada,2016A000011124,Total (house and land),"Index, 201612=100",347,units,0,v111955442,1.1,76.9,,,,1
2006-04-01,Canada,2016A000011124,House only,"Index, 201612=100",347,units,0,v111955443,1.2,76.1,,,,1
2006-04-01,Canada,2016A000011124,Land only,"Index, 201612=100",347,units,0,v111955444,1.3,78.8,E,,,1
2006-05-01,Canada,2016A000011124,Total (house and land),"Index, 201612=100",347,units,0,v111955442,1.1,77.8,,,,1
2006-05-01,Canada,2016A000011124,House only,"Index, 201612=100",347,units,0,v111955443,1.2,76.9,,,,1
2006-05-01,Canada,2016A000011124,Land only,"Index, 201612=100",347,units,0,v111955444,1.3,80.0,E,,,1
2006-06-01,Canada,2016A000011124,Total (house and land),"Index, 201612=100",347,units,0,v111955442,1.1,79.0,,,,1
2006-06-01,Canada,2016A000011124,House only,"Index, 201612=100",347,units,0,v111955443,1.2,78.0,,,,1
2006-06-01,Canada,2016A000011124,Land only,"Index, 201612=100",347,units,0,v111955444,1.3,81.1,E,,,1
2006-07-01,Canada,2016A000011124,Total (house and land),"Index, 201612=100",347,units,0,v111955442,1.1,79.8,,,,1
2006-07-01,Canada,2016A000011124,House only,"Index, 201612=100",347,units,0,v111955443,1.2,78.7,,,,1
2006-07-01,Canada,2016A000011124,Land only,"Index, 201612=100",347,units,0,v111955444,1.3,82.3,E,,,1
2006-08-01,Canada,2016A000011124,Total (house and land),"Index, 201612=100",347,units,0,v111955442,1.1,81.0,,,,1
2006-08-01,Canada,2016A000011124,House only,"Index, 201612=100",347,units,0,v111955443,1.2,80.0,,,,1
2006-08-01,Canada,2016A000011124,Land only,"Index, 201612=100",347,units,0,v111955444,1.3,83.3,E,,,1
2006-09-01,Canada,2016A000011124,Total (house and land),"Index, 201612=100",347,units,0,v111955442,1.1,81.4,,,,1
2006-09-01,Canada,2016A000011124,House only,"Index, 201612=100",347,units,0,v111955443,1.2,80.4,,,,1
2006-09-01,Canada,2016A000011124,Land only,"Index, 201612=100",347,units,0,v111955444,1.3,83.9,E,,,1
2006-10-01,Canada,2016A000011124,Total (house and land),"Index, 201612=100",347,units,0,v111955442,1.1,81.6,,,,1
2006-10-01,Canada,2016A000011124,House only,"Index, 201612=100",347,units,0,v111955443,1.2,80.5,,,,1
2006-10-01,Canada,2016A000011124,Land only,"Index, 201612=100",347,units,0,v111955444,1.3,84.1,E,,,1
2006-11-01,Canada,2016A000011124,Total (house and land),"Index, 201612=100",347,units,0,v111955442,1.1,82.0,,,,1
2006-11-01,Canada,2016A000011124,House only,"Index, 201612=100",347,units,0,v111955443,1.2,80.8,,,,1
2006-11-01,Canada,2016A000011124,Land only,"Index, 201612=100",347,units,0,v111955444,1.3,84.9,E,,,1
2006-12-01,Canada,2016A000011124,Total (house and land),"Index, 201612=100",347,units,0,v111955442,1.1,82.0,,,,1
2006-12-01,Canada,2016A000011124,House only,"Index, 201612=100",347,units,0,v111955443,1.2,80.7,,,,1
2006-12-01,Canada,2016A000011124,Land only,"Index, 201612=100",347,units,0,v111955444,1.3,85.3,E,,,1
2007-01-01,Canada,2016A000011124,Total (house and land),"Index, 201612=100",347,units,0,v111955442,1.1,82.3,,,,1
2007-01-01,Canada,2016A000011124,House only,"Index, 201612=100",347,units,0,v111955443,1.2,81.0,,,,1
2007-01-01,Canada,2016A000011124,Land only,"Index, 201612=100",347,units,0,v111955444,1.3,85.5,E,,,1
2007-02-01,Canada,2016A000011124,Total (house and land),"Index, 201612=100",347,units,0,v111955442,1.1,82.7,,,,1
2007-02-01,Canada,2016A000011124,House only,"Index, 201612=100",347,units,0,v111955443,1.2,81.4,,,,1
2007-02-01,Canada,2016A000011124,Land only,"Index, 201612=100",347,units,0,v111955444,1.3,85.8,E,,,1
2007-03-01,Canada,2016A000011124,Total (house and land),"Index, 201612=100",347,units,0,v111955442,1.1,83.0,,,,1
2007-03-01,Canada,2016A000011124,House only,"Index, 201612=100",347,units,0,v111955443,1.2,81.7,,,,1
2007-03-01,Canada,2016A000011124,Land only,"Index, 201612=100",347,units,0,v111955444,1.3,86.2,E,,,1
2007-04-01,Canada,2016A000011124,Total (house and land),"Index, 201612=100",347,units,0,v111955442,1.1,83.7,,,,1
2007-04-01,Canada,2016A000011124,House only,"Index, 201612=100",347,units,0,v111955443,1.2,82.3,,,,1
2007-04-01,Canada,2016A000011124,Land only,"Index, 201612=100",347,units,0,v111955444,1.3,87.1,E,,,1
2007-05-01,Canada,2016A000011124,Total (house and land),"Index, 201612=100",347,units,0,v111955442,1.1,84.6,,,,1
2007-05-01,Canada,2016A000011124,House only,"Index, 201612=100",347,units,0,v111955443,1.2,83.3,,,,1
2007-05-01,Canada,2016A000011124,Land only,"Index, 201612=100",347,units,0,v111955444,1.3,87.7,E,,,1
2007-06-01,Canada,2016A000011124,Total (house and land),"Index, 201612=100",347,units,0,v111955442,1.1,85.1,,,,1
2007-06-01,Canada,2016A000011124,House only,"Index, 201612=100",347,units,0,v111955443,1.2,83.7,,,,1
2007-06-01,Canada,2016A000011124,Land only,"Index, 201612=100",347,units,0,v111955444,1.3,88.5,E,,,1
2007-07-01,Canada,2016A000011124,Total (house and land),"Index, 201612=100",347,units,0,v111955442,1.1,85.9,,,,1
2007-07-01,Canada,2016A000011124,House only,"Index, 201612=100",347,units,0,v111955443,1.2,84.3,,,,1
2007-07-01,Canada,2016A000011124,Land only,"Index, 201612=100",347,units,0,v111955444,1.3,89.7,E,,,1
2007-08-01,Canada,2016A000011124,Total (house and land),"Index, 201612=100",347,units,0,v111955442,1.1,86.3,,,,1
2007-08-01,Canada,2016A000011124,House only,"Index, 201612=100",347,units,0,v111955443,1.2,84.8,,,,1
2007-08-01,Canada,2016A000011124,Land only,"Index, 201612=100",347,units,0,v111955444,1.3,89.9,E,,,1
2007-09-01,Canada,2016A000011124,Total (house and land),"Index, 201612=100",347,units,0,v111955442,1.1,86.5,,,,1
2007-09-01,Canada,2016A000011124,House only,"Index, 201612=100",347,units,0,v111955443,1.2,85.1,,,,1
2007-09-01,Canada,2016A000011124,Land only,"Index, 201612=100",347,units,0,v111955444,1.3,90.0,E,,,1
2007-10-01,Canada,2016A000011124,Total (house and land),"Index, 201612=100",347,units,0,v111955442,1.1,86.6,,,,1
2007-10-01,Canada,2016A000011124,House only,"Index, 201612=100",347,units,0,v111955443,1.2,85.1,,,,1
2007-10-01,Canada,2016A000011124,Land only,"Index, 201612=100",347,units,0,v111955444,1.3,90.3,E,,,1
2007-11-01,Canada,2016A000011124,Total (house and land),"Index, 201612=100",347,units,0,v111955442,1.1,87.0,,,,1
2007-11-01,Canada,2016A000011124,House only,"Index, 201612=100",347,units,0,v111955443,1.2,85.5,,,,1
2007-11-01,Canada,2016A000011124,Land only,"Index, 201612=100",347,units,0,v111955444,1.3,90.7,E,,,1
2007-12-01,Canada,2016A000011124,Total (house and land),"Index, 201612=100",347,units,0,v111955442,1.1,87.1,,,,1
2007-12-01,Canada,2016A000011124,House only,"Index, 201612=100",347,units,0,v111955443,1.2,85.6,,,,1
2007-12-01,Canada,2016A000011124,Land only,"Index, 201612=100",347,units,0,v111955444,1.3,90.9,E,,,1
2008-01-01,Canada,2016A000011124,Total (house and land),"Index, 201612=100",347,units,0,v111955442,1.1,87.6,,,,1
2008-01-01,Canada,2016A000011124,House only,"Index, 201612=100",347,units,0,v111955443,1.2,86.1,,,,1
2008-01-01,Canada,2016A000011124,Land only,"Index, 201612=100",347,units,0,v111955444,1.3,91.4,E,,,1
2008-02-01,Canada,2016A000011124,Total (house and land),"Index, 201612=100",347,units,0,v111955442,1.1,87.9,,,,1
2008-02-01,Canada,2016A000011124,House only,"Index, 201612=100",347,units,0,v111955443,1.2,86.3,,,,1
2008-02-01,Canada,2016A000011124,Land only,"Index, 201612=100",347,units,0,v111955444,1.3,91.8,E,,,1
2008-03-01,Canada,2016A000011124,Total (house and land),"Index, 201612=100",347,units,0,v111955442,1.1,88.1,,,,1
2008-03-01,Canada,2016A000011124,House only,"Index, 201612=100",347,units,0,v111955443,1.2,86.4,,,,1
2008-03-01,Canada,2016A000011124,Land only,"Index, 201612=100",347,units,0,v111955444,1.3,92.2,E,,,1
2008-04-01,Canada,2016A000011124,Total (house and land),"Index, 201612=100",347,units,0,v111955442,1.1,88.1,,,,1
2008-04-01,Canada,2016A000011124,House only,"Index, 201612=100",347,units,0,v111955443,1.2,86.3,,,,1
2008-04-01,Canada,2016A000011124,Land only,"Index, 201612=100",347,units,0,v111955444,1.3,92.4,E,,,1
2008-05-01,Canada,2016A000011124,Total (house and land),"Index, 201612=100",347,units,0,v111955442,1.1,88.1,,,,1
2008-05-01,Canada,2016A000011124,House only,"Index, 201612=100",347,units,0,v111955443,1.2,86.2,,,,1
2008-05-01,Canada,2016A000011124,Land only,"Index, 201612=100",347,units,0,v111955444,1.3,92.5,E,,,1
2008-06-01,Canada,2016A000011124,Total (house and land),"Index, 201612=100",347,units,0,v111955442,1.1,88.2,,,,1
2008-06-01,Canada,2016A000011124,House only,"Index, 201612=100",347,units,0,v111955443,1.2,86.3,,,,1
2008-06-01,Canada,2016A000011124,Land only,"Index, 201612=100",347,units,0,v111955444,1.3,92.7,E,,,1
2008-07-01,Canada,2016A000011124,Total (house and land),"Index, 201612=100",347,units,0,v111955442,1.1,88.2,,,,1
2008-07-01,Canada,2016A000011124,House only,"Index, 201612=100",347,units,0,v111955443,1.2,86.3,,,,1
2008-07-01,Canada,2016A000011124,Land only,"Index, 201612=100",347,units,0,v111955444,1.3,92.8,E,,,1
2008-08-01,Canada,2016A000011124,Total (house and land),"Index, 201612=100",347,units,0,v111955442,1.1,88.2,,,,1
2008-08-01,Canada,2016A000011124,House only,"Index, 201612=100",347,units,0,v111955443,1.2,86.3,,,,1
2008-08-01,Canada,2016A000011124,Land only,"Index, 201612=100",347,units,0,v111955444,1.3,92.9,E,,,1
2008-09-01,Canada,2016A000011124,Total (house and land),"Index, 201612=100",347,units,0,v111955442,1.1,88.3,,,,1
2008-09-01,Canada,2016A000011124,House only,"Index, 201612=100",347,units,0,v111955443,1.2,86.3,,,,1
2008-09-01,Canada,2016A000011124,Land only,"Index, 201612=100",347,units,0,v111955444,1.3,93.1,E,,,1
2008-10-01,Canada,2016A000011124,Total (house and land),"Index, 201612=100",347,units,0,v111955442,1.1,87.9,,,,1
2008-10-01,Canada,2016A000011124,House only,"Index, 201612=100",347,units,0,v111955443,1.2,85.6,,,,1
2008-10-01,Canada,2016A000011124,Land only,"Index, 201612=100",347,units,0,v111955444,1.3,93.4,E,,,1
2008-11-01,Canada,2016A000011124,Total (house and land),"Index, 201612=100",347,units,0,v111955442,1.1,87.7,,,,1
2008-11-01,Canada,2016A000011124,House only,"Index, 201612=100",347,units,0,v111955443,1.2,85.2,,,,1
2008-11-01,Canada,2016A000011124,Land only,"Index, 201612=100",347,units,0,v111955444,1.3,93.5,E,,,1
2008-12-01,Canada,2016A000011124,Total (house and land),"Index, 201612=100",347,units,0,v111955442,1.1,87.5,,,,1
2008-12-01,Canada,2016A000011124,House only,"Index, 201612=100",347,units,0,v111955443,1.2,85.0,,,,1
2008-12-01,Canada,2016A000011124,Land only,"Index, 201612=100",347,units,0,v111955444,1.3,93.4,E,,,1
2009-01-01,Canada,2016A000011124,Total (house and land),"Index, 201612=100",347,units,0,v111955442,1.1,87.0,,,,1
2009-01-01,Canada,2016A000011124,House only,"Index, 201612=100",347,units,0,v111955443,1.2,84.5,,,,1
2009-01-01,Canada,2016A000011124,Land only,"Index, 201612=100",347,units,0,v111955444,1.3,92.9,E,,,1
2009-02-01,Canada,2016A000011124,Total (house and land),"Index, 201612=100",347,units,0,v111955442,1.1,86.4,,,,1
2009-02-01,Canada,2016A000011124,House only,"Index, 201612=100",347,units,0,v111955443,1.2,83.8,,,,1
2009-02-01,Canada,2016A000011124,Land only,"Index, 201612=100",347,units,0,v111955444,1.3,92.3,E,,,1
2009-03-01,Canada,2016A000011124,Total (house and land),"Index, 201612=100",347,units,0,v111955442,1.1,86.0,,,,1
2009-03-01,Canada,2016A000011124,House only,"Index, 201612=100",347,units,0,v111955443,1.2,83.3,,,,1
2009-03-01,Canada,2016A000011124,Land only,"Index, 201612=100",347,units,0,v111955444,1.3,91.9,E,,,1
2009-04-01,Canada,2016A000011124,Total (house and land),"Index, 201612=100",347,units,0,v111955442,1.1,85.5,,,,1
2009-04-01,Canada,2016A000011124,House only,"Index, 201612=100",347,units,0,v111955443,1.2,82.7,,,,1
2009-04-01,Canada,2016A000011124,Land only,"Index, 201612=100",347,units,0,v111955444,1.3,91.8,E,,,1
2009-05-01,Canada,2016A000011124,Total (house and land),"Index, 201612=100",347,units,0,v111955442,1.1,85.4,,,,1
2009-05-01,Canada,2016A000011124,House only,"Index, 201612=100",347,units,0,v111955443,1.2,82.6,,,,1
2009-05-01,Canada,2016A000011124,Land only,"Index, 201612=100",347,units,0,v111955444,1.3,91.5,E,,,1
2009-06-01,Canada,2016A000011124,Total (house and land),"Index, 201612=100",347,units,0,v111955442,1.1,85.2,,,,1
2009-06-01,Canada,2016A000011124,House only,"Index, 201612=100",347,units,0,v111955443,1.2,82.5,,,,1
2009-06-01,Canada,2016A000011124,Land only,"Index, 201612=100",347,units,0,v111955444,1.3,91.3,E,,,1
2009-07-01,Canada,2016A000011124,Total (house and land),"Index, 201612=100",347,units,0,v111955442,1.1,85.4,,,,1
2009-07-01,Canada,2016A000011124,House only,"Index, 201612=100",347,units,0,v111955443,1.2,82.8,,,,1
2009-07-01,Canada,2016A000011124,Land only,"Index, 201612=100",347,units,0,v111955444,1.3,91.3,E,,,1
2009-08-01,Canada,2016A000011124,Total (house and land),"Index, 201612=100",347,units,0,v111955442,1.1,85.5,,,,1
2009-08-01,Canada,2016A000011124,House only,"Index, 201612=100",347,units,0,v111955443,1.2,82.9,,,,1
2009-08-01,Canada,2016A000011124,Land only,"Index, 201612=100",347,units,0,v111955444,1.3,91.3,E,,,1
2009-09-01,Canada,2016A000011124,Total (house and land),"Index, 201612=100",347,units,0,v111955442,1.1,85.9,,,,1
2009-09-01,Canada,2016A000011124,House only,"Index, 201612=100",347,units,0,v111955443,1.2,83.5,,,,1
2009-09-01,Canada,2016A000011124,Land only,"Index, 201612=100",347,units,0,v111955444,1.3,91.3,E,,,1
2009-10-01,Canada,2016A000011124,Total (house and land),"Index, 201612=100",347,units,0,v111955442,1.1,86.1,,,,1
2009-10-01,Canada,2016A000011124,House only,"Index, 201612=100",347,units,0,v111955443,1.2,83.8,,,,1
2009-10-01,Canada,2016A000011124,Land only,"Index, 201612=100",347,units,0,v111955444,1.3,91.2,E,,,1
2009-11-01,Canada,2016A000011124,Total (house and land),"Index, 201612=100",347,units,0,v111955442,1.1,86.4,,,,1
2009-11-01,Canada,2016A000011124,House only,"Index, 201612=100",347,units,0,v111955443,1.2,84.2,,,,1
2009-11-01,Canada,2016A000011124,Land only,"Index, 201612=100",347,units,0,v111955444,1.3,91.4,E,,,1
2009-12-01,Canada,2016A000011124,Total (house and land),"Index, 201612=100",347,units,0,v111955442,1.1,86.7,,,,1
2009-12-01,Canada,2016A000011124,House only,"Index, 201612=100",347,units,0,v111955443,1.2,84.7,,,,1
2009-12-01,Canada,2016A000011124,Land only,"Index, 201612=100",347,units,0,v111955444,1.3,91.3,E,,,1
2010-01-01,Canada,2016A000011124,Total (house and land),"Index, 201612=100",347,units,0,v111955442,1.1,87.1,,,,1
2010-01-01,Canada,2016A000011124,House only,"Index, 201612=100",347,units,0,v111955443,1.2,85.2,,,,1
2010-01-01,Canada,2016A000011124,Land only,"Index, 201612=100",347,units,0,v111955444,1.3,91.4,E,,,1
2010-02-01,Canada,2016A000011124,Total (house and land),"Index, 201612=100",347,units,0,v111955442,1.1,87.1,,,,1
2010-02-01,Canada,2016A000011124,House only,"Index, 201612=100",347,units,0,v111955443,1.2,85.3,,,,1
2010-02-01,Canada,2016A000011124,Land only,"Index, 201612=100",347,units,0,v111955444,1.3,91.2,E,,,1
2010-03-01,Canada,2016A000011124,Total (house and land),"Index, 201612=100",347,units,0,v111955442,1.1,87.4,,,,1
2010-03-01,Canada,2016A000011124,House only,"Index, 201612=100",347,units,0,v111955443,1.2,85.8,,,,1
2010-03-01,Canada,2016A000011124,Land only,"Index, 201612=100",347,units,0,v111955444,1.3,90.9,E,,,1
2010-04-01,Canada,2016A000011124,Total (house and land),"Index, 201612=100",347,units,0,v111955442,1.1,87.6,,,,1
2010-04-01,Canada,2016A000011124,House only,"Index, 201612=100",347,units,0,v111955443,1.2,86.0,,,,1
2010-04-01,Canada,2016A000011124,Land only,"Index, 201612=100",347,units,0,v111955444,1.3,91.0,E,,,1
2010-05-01,Canada,2016A000011124,Total (house and land),"Index, 201612=100",347,units,0,v111955442,1.1,87.9,,,,1
2010-05-01,Canada,2016A000011124,House only,"Index, 201612=100",347,units,0,v111955443,1.2,86.4,,,,1
2010-05-01,Canada,2016A000011124,Land only,"Index, 201612=100",347,units,0,v111955444,1.3,91.2,E,,,1
2010-06-01,Canada,2016A000011124,Total (house and land),"Index, 201612=100",347,units,0,v111955442,1.1,88.0,,,,1
2010-06-01,Canada,2016A000011124,House only,"Index, 201612=100",347,units,0,v111955443,1.2,86.6,,,,1
2010-06-01,Canada,2016A000011124,Land only,"Index, 201612=100",347,units,0,v111955444,1.3,91.2,E,,,1
2010-07-01,Canada,2016A000011124,Total (house and land),"Index, 201612=100",347,units,0,v111955442,1.1,87.9,,,,1
2010-07-01,Canada,2016A000011124,House only,"Index, 201612=100",347,units,0,v111955443,1.2,86.5,,,,1
2010-07-01,Canada,2016A000011124,Land only,"Index, 201612=100",347,units,0,v111955444,1.3,91.0,E,,,1
2010-08-01,Canada,2016A000011124,Total (house and land),"Index, 201612=100",347,units,0,v111955442,1.1,88.0,,,,1
2010-08-01,Canada,2016A000011124,House only,"Index, 201612=100",347,units,0,v111955443,1.2,86.6,,,,1
2010-08-01,Canada,2016A000011124,Land only,"Index, 201612=100",347,units,0,v111955444,1.3,91.0,E,,,1
2010-09-01,Canada,2016A000011124,Total (house and land),"Index, 201612=100",347,units,0,v111955442,1.1,88.1,,,,1
2010-09-01,Canada,2016A000011124,House only,"Index, 201612=100",347,units,0,v111955443,1.2,86.6,,,,1
2010-09-01,Canada,2016A000011124,Land only,"Index, 201612=100",347,units,0,v111955444,1.3,91.5,E,,,1
2010-10-01,Canada,2016A000011124,Total (house and land),"Index, 201612=100",347,units,0,v111955442,1.1,88.2,,,,1
2010-10-01,Canada,2016A000011124,House only,"Index, 201612=100",347,units,0,v111955443,1.2,86.6,,,,1
2010-10-01,Canada,2016A000011124,Land only,"Index, 201612=100",347,units,0,v111955444,1.3,91.5,E,,,1
2010-11-01,Canada,2016A000011124,Total (house and land),"Index, 201612=100",347,units,0,v111955442,1.1,88.4,,,,1
2010-11-01,Canada,2016A000011124,House only,"Index, 201612=100",347,units,0,v111955443,1.2,86.8,,,,1
2010-11-01,Canada,2016A000011124,Land only,"Index, 201612=100",347,units,0,v111955444,1.3,91.8,E,,,1
2010-12-01,Canada,2016A000011124,Total (house and land),"Index, 201612=100",347,units,0,v111955442,1.1,88.4,,,,1
2010-12-01,Canada,2016A000011124,House only,"Index, 201612=100",347,units,0,v111955443,1.2,86.7,,,,1
2010-12-01,Canada,2016A000011124,Land only,"Index, 201612=100",347,units,0,v111955444,1.3,92.0,E,,,1
2011-01-01,Canada,2016A000011124,Total (house and land),"Index, 201612=100",347,units,0,v111955442,1.1,88.6,,,,1
2011-01-01,Canada,2016A000011124,House only,"Index, 201612=100",347,units,0,v111955443,1.2,87.0,,,,1
2011-01-01,Canada,2016A000011124,Land only,"Index, 201612=100",347,units,0,v111955444,1.3,92.1,E,,,1
2011-02-01,Canada,2016A000011124,Total (house and land),"Index, 201612=100",347,units,0,v111955442,1.1,89.0,,,,1
2011-02-01,Canada,2016A000011124,House only,"Index, 201612=100",347,units,0,v111955443,1.2,87.3,,,,1
2011-02-01,Canada,2016A000011124,Land only,"Index, 201612=100",347,units,0,v111955444,1.3,92.4,E,,,1
2011-03-01,Canada,2016A000011124,Total (house and land),"Index, 201612=100",347,units,0,v111955442,1.1,89.0,,,,1
2011-03-01,Canada,2016A000011124,House only,"Index, 201612=100",347,units,0,v111955443,1.2,87.4,,,,1
2011-03-01,Canada,2016A000011124,Land only,"Index, 201612=100",347,units,0,v111955444,1.3,92.3,E,,,1
2011-04-01,Canada,2016A000011124,Total (house and land),"Index, 201612=100",347,units,0,v111955442,1.1,89.2,,,,1
2011-04-01,Canada,2016A000011124,House only,"Index, 201612=100",347,units,0,v111955443,1.2,87.8,,,,1
2011-04-01,Canada,2016A000011124,Land only,"Index, 201612=100",347,units,0,v111955444,1.3,92.4,E,,,1
2011-05-01,Canada,2016A000011124,Total (house and land),"Index, 201612=100",347,units,0,v111955442,1.1,89.6,,,,1
2011-05-01,Canada,2016A000011124,House only,"Index, 201612=100",347,units,0,v111955443,1.2,88.2,,,,1
2011-05-01,Canada,2016A000011124,Land only,"Index, 201612=100",347,units,0,v111955444,1.3,92.7,E,,,1
2011-06-01,Canada,2016A000011124,Total (house and land),"Index, 201612=100",347,units,0,v111955442,1.1,89.8,,,,1
2011-06-01,Canada,2016A000011124,House only,"Index, 201612=100",347,units,0,v111955443,1.2,88.5,,,,1
2011-06-01,Canada,2016A000011124,Land only,"Index, 201612=100",347,units,0,v111955444,1.3,92.8,E,,,1
2011-07-01,Canada,2016A000011124,Total (house and land),"Index, 201612=100",347,units,0,v111955442,1.1,89.9,,,,1
2011-07-01,Canada,2016A000011124,House only,"Index, 201612=100",347,units,0,v111955443,1.2,88.5,,,,1
2011-07-01,Canada,2016A000011124,Land only,"Index, 201612=100",347,units,0,v111955444,1.3,92.9,E,,,1
2011-08-01,Canada,2016A000011124,Total (house and land),"Index, 201612=100",347,units,0,v111955442,1.1,90.0,,,,1
2011-08-01,Canada,2016A000011124,House only,"Index, 201612=100",347,units,0,v111955443,1.2,88.6,,,,1
2011-08-01,Canada,2016A000011124,Land only,"Index, 201612=100",347,units,0,v111955444,1.3,93.0,E,,,1
2011-09-01,Canada,2016A000011124,Total (house and land),"Index, 201612=100",347,units,0,v111955442,1.1,90.1,,,,1
2011-09-01,Canada,2016A000011124,House only,"Index, 201612=100",347,units,0,v111955443,1.2,88.8,,,,1
2011-09-01,Canada,2016A000011124,Land only,"Index, 201612=100",347,units,0,v111955444,1.3,93.0,E,,,1
2011-10-01,Canada,2016A000011124,Total (house and land),"Index, 201612=100",347,units,0,v111955442,1.1,90.3,,,,1
2011-10-01,Canada,2016A000011124,House only,"Index, 201612=100",347,units,0,v111955443,1.2,89.0,,,,1
2011-10-01,Canada,2016A000011124,Land only,"Index, 201612=100",347,units,0,v111955444,1.3,93.2,E,,,1
2011-11-01,Canada,2016A000011124,Total (house and land),"Index, 201612=100",347,units,0,v111955442,1.1,90.6,,,,1
2011-11-01,Canada,2016A000011124,House only,"Index, 201612=100",347,units,0,v111955443,1.2,89.3,,,,1
2011-11-01,Canada,2016A000011124,Land only,"Index, 201612=100",347,units,0,v111955444,1.3,93.4,E,,,1
2011-12-01,Canada,2016A000011124,Total (house and land),"Index, 201612=100",347,units,0,v111955442,1.1,90.7,,,,1
2011-12-01,Canada,2016A000011124,House only,"Index, 201612=100",347,units,0,v111955443,1.2,89.3,,,,1
2011-12-01,Canada,2016A000011124,Land only,"Index, 201612=100",347,units,0,v111955444,1.3,93.6,E,,,1
2012-01-01,Canada,2016A000011124,Total (house and land),"Index, 201612=100",347,units,0,v111955442,1.1,90.8,,,,1
2012-01-01,Canada,2016A000011124,House only,"Index, 201612=100",347,units,0,v111955443,1.2,89.4,,,,1
2012-01-01,Canada,2016A000011124,Land only,"Index, 201612=100",347,units,0,v111955444,1.3,93.8,E,,,1
2012-02-01,Canada,2016A000011124,Total (house and land),"Index, 201612=100",347,units,0,v111955442,1.1,91.0,,,,1
2012-02-01,Canada,2016A000011124,House only,"Index, 201612=100",347,units,0,v111955443,1.2,89.6,,,,1
2012-02-01,Canada,2016A000011124,Land only,"Index, 201612=100",347,units,0,v111955444,1.3,93.9,E,,,1
2012-03-01,Canada,2016A000011124,Total (house and land),"Index, 201612=100",347,units,0,v111955442,1.1,91.3,,,,1
2012-03-01,Canada,2016A000011124,House only,"Index, 201612=100",347,units,0,v111955443,1.2,89.9,,,,1
2012-03-01,Canada,2016A000011124,Land only,"Index, 201612=100",347,units,0,v111955444,1.3,94.1,E,,,1
2012-04-01,Canada,2016A000011124,Total (house and land),"Index, 201612=100",347,units,0,v111955442,1.1,91.5,,,,1
2012-04-01,Canada,2016A000011124,House only,"Index, 201612=100",347,units,0,v111955443,1.2,90.2,,,,1
2012-04-01,Canada,2016A000011124,Land only,"Index, 201612=100",347,units,0,v111955444,1.3,94.2,E,,,1
2012-05-01,Canada,2016A000011124,Total (house and land),"Index, 201612=100",347,units,0,v111955442,1.1,91.7,,,,1
2012-05-01,Canada,2016A000011124,House only,"Index, 201612=100",347,units,0,v111955443,1.2,90.4,,,,1
2012-05-01,Canada,2016A000011124,Land only,"Index, 201612=100",347,units,0,v111955444,1.3,94.4,E,,,1
2012-06-01,Canada,2016A000011124,Total (house and land),"Index, 201612=100",347,units,0,v111955442,1.1,91.9,,,,1
2012-06-01,Canada,2016A000011124,House only,"Index, 201612=100",347,units,0,v111955443,1.2,90.7,,,,1
2012-06-01,Canada,2016A000011124,Land only,"Index, 201612=100",347,units,0,v111955444,1.3,94.6,E,,,1
2012-07-01,Canada,2016A000011124,Total (house and land),"Index, 201612=100",347,units,0,v111955442,1.1,92.0,,,,1
2012-07-01,Canada,2016A000011124,House only,"Index, 201612=100",347,units,0,v111955443,1.2,90.7,,,,1
2012-07-01,Canada,2016A000011124,Land only,"Index, 201612=100",347,units,0,v111955444,1.3,94.6,E,,,1
2012-08-01,Canada,2016A000011124,Total (house and land),"Index, 201612=100",347,units,0,v111955442,1.1,92.1,,,,1
2012-08-01,Canada,2016A000011124,House only,"Index, 201612=100",347,units,0,v111955443,1.2,90.9,,,,1
2012-08-01,Canada,2016A000011124,Land only,"Index, 201612=100",347,units,0,v111955444,1.3,94.6,E,,,1
2012-09-01,Canada,2016A000011124,Total (house and land),"Index, 201612=100",347,units,0,v111955442,1.1,92.3,,,,1
2012-09-01,Canada,2016A000011124,House only,"Index, 201612=100",347,units,0,v111955443,1.2,91.1,,,,1
2012-09-01,Canada,2016A000011124,Land only,"Index, 201612=100",347,units,0,v111955444,1.3,94.8,E,,,1
2012-10-01,Canada,2016A000011124,Total (house and land),"Index, 201612=100",347,units,0,v111955442,1.1,92.5,,,,1
2012-10-01,Canada,2016A000011124,House only,"Index, 201612=100",347,units,0,v111955443,1.2,91.4,,,,1
2012-10-01,Canada,2016A000011124,Land only,"Index, 201612=100",347,units,0,v111955444,1.3,94.8,E,,,1
2012-11-01,Canada,2016A000011124,Total (house and land),"Index, 201612=100",347,units,0,v111955442,1.1,92.6,,,,1
2012-11-01,Canada,2016A000011124,House only,"Index, 201612=100",347,units,0,v111955443,1.2,91.5,,,,1
2012-11-01,Canada,2016A000011124,Land only,"Index, 201612=100",347,units,0,v111955444,1.3,94.8,E,,,1
2012-12-01,Canada,2016A000011124,Total (house and land),"Index, 201612=100",347,units,0,v111955442,1.1,92.7,,,,1
2012-12-01,Canada,2016A000011124,House only,"Index, 201612=100",347,units,0,v111955443,1.2,91.7,,,,1
2012-12-01,Canada,2016A000011124,Land only,"Index, 201612=100",347,units,0,v111955444,1.3,94.9,E,,,1
2013-01-01,Canada,2016A000011124,Total (house and land),"Index, 201612=100",347,units,0,v111955442,1.1,92.8,,,,1
2013-01-01,Canada,2016A000011124,House only,"Index, 201612=100",347,units,0,v111955443,1.2,91.8,,,,1
2013-01-01,Canada,2016A000011124,Land only,"Index, 201612=100",347,units,0,v111955444,1.3,95.0,E,,,1
2013-02-01,Canada,2016A000011124,Total (house and land),"Index, 201612=100",347,units,0,v111955442,1.1,93.0,,,,1
2013-02-01,Canada,2016A000011124,House only,"Index, 201612=100",347,units,0,v111955443,1.2,91.9,,,,1
2013-02-01,Canada,2016A000011124,Land only,"Index, 201612=100",347,units,0,v111955444,1.3,95.2,E,,,1
2013-03-01,Canada,2016A000011124,Total (house and land),"Index, 201612=100",347,units,0,v111955442,1.1,93.0,,,,1
2013-03-01,Canada,2016A000011124,House only,"Index, 201612=100",347,units,0,v111955443,1.2,92.0,,,,1
2013-03-01,Canada,2016A000011124,Land only,"Index, 201612=100",347,units,0,v111955444,1.3,95.2,E,,,1
2013-04-01,Canada,2016A000011124,Total (house and land),"Index, 201612=100",347,units,0,v111955442,1.1,93.2,,,,1
2013-04-01,Canada,2016A000011124,House only,"Index, 201612=100",347,units,0,v111955443,1.2,92.2,,,,1
2013-04-01,Canada,2016A000011124,Land only,"Index, 201612=100",347,units,0,v111955444,1.3,95.3,E,,,1
2013-05-01,Canada,2016A000011124,Total (house and land),"Index, 201612=100",347,units,0,v111955442,1.1,93.4,,,,1
2013-05-01,Canada,2016A000011124,House only,"Index, 201612=100",347,units,0,v111955443,1.2,92.4,,,,1
2013-05-01,Canada,2016A000011124,Land only,"Index, 201612=100",347,units,0,v111955444,1.3,95.4,E,,,1
2013-06-01,Canada,2016A000011124,Total (house and land),"Index, 201612=100",347,units,0,v111955442,1.1,93.5,,,,1
2013-06-01,Canada,2016A000011124,House only,"Index, 201612=100",347,units,0,v111955443,1.2,92.5,,,,1
2013-06-01,Canada,2016A000011124,Land only,"Index, 201612=100",347,units,0,v111955444,1.3,95.5,E,,,1
2013-07-01,Canada,2016A000011124,Total (house and land),"Index, 201612=100",347,units,0,v111955442,1.1,93.6,,,,1
2013-07-01,Canada,2016A000011124,House only,"Index, 201612=100",347,units,0,v111955443,1.2,92.7,,,,1
2013-07-01,Canada,2016A000011124,Land only,"Index, 201612=100",347,units,0,v111955444,1.3,95.6,E,,,1
2013-08-01,Canada,2016A000011124,Total (house and land),"Index, 201612=100",347,units,0,v111955442,1.1,93.7,,,,1
2013-08-01,Canada,2016A000011124,House only,"Index, 201612=100",347,units,0,v111955443,1.2,92.8,,,,1
2013-08-01,Canada,2016A000011124,Land only,"Index, 201612=100",347,units,0,v111955444,1.3,95.7,E,,,1
2013-09-01,Canada,2016A000011124,Total (house and land),"Index, 201612=100",347,units,0,v111955442,1.1,93.8,,,,1
2013-09-01,Canada,2016A000011124,House only,"Index, 201612=100",347,units,0,v111955443,1.2,92.8,,,,1
2013-09-01,Canada,2016A000011124,Land only,"Index, 201612=100",347,units,0,v111955444,1.3,95.7,E,,,1
2013-10-01,Canada,2016A000011124,Total (house and land),"Index, 201612=100",347,units,0,v111955442,1.1,93.8,,,,1
2013-10-01,Canada,2016A000011124,House only,"Index, 201612=100",347,units,0,v111955443,1.2,92.9,,,,1
2013-10-01,Canada,2016A000011124,Land only,"Index, 201612=100",347,units,0,v111955444,1.3,95.7,E,,,1
2013-11-01,Canada,2016A000011124,Total (house and land),"Index, 201612=100",347,units,0,v111955442,1.1,93.9,,,,1
2013-11-01,Canada,2016A000011124,House only,"Index, 201612=100",347,units,0,v111955443,1.2,92.9,,,,1
2013-11-01,Canada,2016A000011124,Land only,"Index, 201612=100",347,units,0,v111955444,1.3,95.8,E,,,1
2013-12-01,Canada,2016A000011124,Total (house and land),"Index, 201612=100",347,units,0,v111955442,1.1,93.9,,,,1
2013-12-01,Canada,2016A000011124,House only,"Index, 201612=100",347,units,0,v111955443,1.2,93.0,,,,1
2013-12-01,Canada,2016A000011124,Land only,"Index, 201612=100",347,units,0,v111955444,1.3,95.8,E,,,1
2014-01-01,Canada,2016A000011124,Total (house and land),"Index, 201612=100",347,units,0,v111955442,1.1,94.1,,,,1
2014-01-01,Canada,2016A000011124,House only,"Index, 201612=100",347,units,0,v111955443,1.2,93.3,,,,1
2014-01-01,Canada,2016A000011124,Land only,"Index, 201612=100",347,units,0,v111955444,1.3,95.9,E,,,1
2014-02-01,Canada,2016A000011124,Total (house and land),"Index, 201612=100",347,units,0,v111955442,1.1,94.4,,,,1
2014-02-01,Canada,2016A000011124,House only,"Index, 201612=100",347,units,0,v111955443,1.2,93.6,,,,1
2014-02-01,Canada,2016A000011124,Land only,"Index, 201612=100",347,units,0,v111955444,1.3,96.0,E,,,1
2014-03-01,Canada,2016A000011124,Total (house and land),"Index, 201612=100",347,units,0,v111955442,1.1,94.5,,,,1
2014-03-01,Canada,2016A000011124,House only,"Index, 201612=100",347,units,0,v111955443,1.2,93.7,,,,1
2014-03-01,Canada,2016A000011124,Land only,"Index, 201612=100",347,units,0,v111955444,1.3,96.1,E,,,1
2014-04-01,Canada,2016A000011124,Total (house and land),"Index, 201612=100",347,units,0,v111955442,1.1,94.7,,,,1
2014-04-01,Canada,2016A000011124,House only,"Index, 201612=100",347,units,0,v111955443,1.2,94.0,,,,1
2014-04-01,Canada,2016A000011124,Land only,"Index, 201612=100",347,units,0,v111955444,1.3,96.2,E,,,1
2014-05-01,Canada,2016A000011124,Total (house and land),"Index, 201612=100",347,units,0,v111955442,1.1,94.8,,,,1
2014-05-01,Canada,2016A000011124,House only,"Index, 201612=100",347,units,0,v111955443,1.2,94.1,,,,1
2014-05-01,Canada,2016A000011124,Land only,"Index, 201612=100",347,units,0,v111955444,1.3,96.3,E,,,1
2014-06-01,Canada,2016A000011124,Total (house and land),"Index, 201612=100",347,units,0,v111955442,1.1,94.9,,,,1
2014-06-01,Canada,2016A000011124,House only,"Index, 201612=100",347,units,0,v111955443,1.2,94.3,,,,1
2014-06-01,Canada,2016A000011124,Land only,"Index, 201612=100",347,units,0,v111955444,1.3,96.4,E,,,1
2014-07-01,Canada,2016A000011124,Total (house and land),"Index, 201612=100",347,units,0,v111955442,1.1,94.9,,,,1
2014-07-01,Canada,2016A000011124,House only,"Index, 201612=100",347,units,0,v111955443,1.2,94.3,,,,1
2014-07-01,Canada,2016A000011124,Land only,"Index, 201612=100",347,units,0,v111955444,1.3,96.4,E,,,1
2014-08-01,Canada,2016A000011124,Total (house and land),"Index, 201612=100",347,units,0,v111955442,1.1,95.2,,,,1
2014-08-01,Canada,2016A000011124,House only,"Index, 201612=100",347,units,0,v111955443,1.2,94.5,,,,1
2014-08-01,Canada,2016A000011124,Land only,"Index, 201612=100",347,units,0,v111955444,1.3,96.6,E,,,1
2014-09-01,Canada,2016A000011124,Total (house and land),"Index, 201612=100",347,units,0,v111955442,1.1,95.3,,,,1
2014-09-01,Canada,2016A000011124,House only,"Index, 201612=100",347,units,0,v111955443,1.2,94.6,,,,1
2014-09-01,Canada,2016A000011124,Land only,"Index, 201612=100",347,units,0,v111955444,1.3,96.6,E,,,1
2014-10-01,Canada,2016A000011124,Total (house and land),"Index, 201612=100",347,units,0,v111955442,1.1,95.4,,,,1
2014-10-01,Canada,2016A000011124,House only,"Index, 201612=100",347,units,0,v111955443,1.2,94.7,,,,1
2014-10-01,Canada,2016A000011124,Land only,"Index, 201612=100",347,units,0,v111955444,1.3,96.7,E,,,1
2014-11-01,Canada,2016A000011124,Total (house and land),"Index, 201612=100",347,units,0,v111955442,1.1,95.5,,,,1
2014-11-01,Canada,2016A000011124,House only,"Index, 201612=100",347,units,0,v111955443,1.2,94.8,,,,1
2014-11-01,Canada,2016A000011124,Land only,"Index, 201612=100",347,units,0,v111955444,1.3,96.8,E,,,1
2014-12-01,Canada,2016A000011124,Total (house and land),"Index, 201612=100",347,units,0,v111955442,1.1,95.5,,,,1
2014-12-01,Canada,2016A000011124,House only,"Index, 201612=100",347,units,0,v111955443,1.2,94.9,,,,1
2014-12-01,Canada,2016A000011124,Land only,"Index, 201612=100",347,units,0,v111955444,1.3,96.8,E,,,1
2015-01-01,Canada,2016A000011124,Total (house and land),"Index, 201612=100",347,units,0,v111955442,1.1,95.5,,,,1
2015-01-01,Canada,2016A000011124,House only,"Index, 201612=100",347,units,0,v111955443,1.2,94.8,,,,1
2015-01-01,Canada,2016A000011124,Land only,"Index, 201612=100",347,units,0,v111955444,1.3,96.9,E,,,1
2015-02-01,Canada,2016A000011124,Total (house and land),"Index, 201612=100",347,units,0,v111955442,1.1,95.6,,,,1
2015-02-01,Canada,2016A000011124,House only,"Index, 201612=100",347,units,0,v111955443,1.2,95.0,,,,1
2015-02-01,Canada,2016A000011124,Land only,"Index, 201612=100",347,units,0,v111955444,1.3,97.0,E,,,1
2015-03-01,Canada,2016A000011124,Total (house and land),"Index, 201612=100",347,units,0,v111955442,1.1,95.7,,,,1
2015-03-01,Canada,2016A000011124,House only,"Index, 201612=100",347,units,0,v111955443,1.2,95.0,,,,1
2015-03-01,Canada,2016A000011124,Land only,"Index, 201612=100",347,units,0,v111955444,1.3,97.0,E,,,1
2015-04-01,Canada,2016A000011124,Total (house and land),"Index, 201612=100",347,units,0,v111955442,1.1,95.7,,,,1
2015-04-01,Canada,2016A000011124,House only,"Index, 201612=100",347,units,0,v111955443,1.2,95.1,,,,1
2015-04-01,Canada,2016A000011124,Land only,"Index, 201612=100",347,units,0,v111955444,1.3,97.0,E,,,1
2015-05-01,Canada,2016A000011124,Total (house and land),"Index, 201612=100",347,units,0,v111955442,1.1,95.9,,,,1
2015-05-01,Canada,2016A000011124,House only,"Index, 201612=100",347,units,0,v111955443,1.2,95.1,,,,1
2015-05-01,Canada,2016A000011124,Land only,"Index, 201612=100",347,units,0,v111955444,1.3,97.6,E,,,1
2015-06-01,Canada,2016A000011124,Total (house and land),"Index, 201612=100",347,units,0,v111955442,1.1,96.1,,,,1
2015-06-01,Canada,2016A000011124,House only,"Index, 201612=100",347,units,0,v111955443,1.2,95.3,,,,1
2015-06-01,Canada,2016A000011124,Land only,"Index, 201612=100",347,units,0,v111955444,1.3,97.9,E,,,1
2015-07-01,Canada,2016A000011124,Total (house and land),"Index, 201612=100",347,units,0,v111955442,1.1,96.2,,,,1
2015-07-01,Canada,2016A000011124,House only,"Index, 201612=100",347,units,0,v111955443,1.2,95.5,,,,1
2015-07-01,Canada,2016A000011124,Land only,"Index, 201612=100",347,units,0,v111955444,1.3,97.9,E,,,1
2015-08-01,Canada,2016A000011124,Total (house and land),"Index, 201612=100",347,units,0,v111955442,1.1,96.5,,,,1
2015-08-01,Canada,2016A000011124,House only,"Index, 201612=100",347,units,0,v111955443,1.2,95.8,,,,1
2015-08-01,Canada,2016A000011124,Land only,"Index, 201612=100",347,units,0,v111955444,1.3,98.0,E,,,1
2015-09-01,Canada,2016A000011124,Total (house and land),"Index, 201612=100",347,units,0,v111955442,1.1,96.6,,,,1
2015-09-01,Canada,2016A000011124,House only,"Index, 201612=100",347,units,0,v111955443,1.2,95.9,,,,1
2015-09-01,Canada,2016A000011124,Land only,"Index, 201612=100",347,units,0,v111955444,1.3,98.0,E,,,1
2015-10-01,Canada,2016A000011124,Total (house and land),"Index, 201612=100",347,units,0,v111955442,1.1,96.8,,,,1
2015-10-01,Canada,2016A000011124,House only,"Index, 201612=100",347,units,0,v111955443,1.2,96.2,,,,1
2015-10-01,Canada,2016A000011124,Land only,"Index, 201612=100",347,units,0,v111955444,1.3,98.1,E,,,1
2015-11-01,Canada,2016A000011124,Total (house and land),"Index, 201612=100",347,units,0,v111955442,1.1,96.9,,,,1
2015-11-01,Canada,2016A000011124,House only,"Index, 201612=100",347,units,0,v111955443,1.2,96.4,,,,1
2015-11-01,Canada,2016A000011124,Land only,"Index, 201612=100",347,units,0,v111955444,1.3,98.1,E,,,1
2015-12-01,Canada,2016A000011124,Total (house and land),"Index, 201612=100",347,units,0,v111955442,1.1,97.0,,,,1
2015-12-01,Canada,2016A000011124,House only,"Index, 201612=100",347,units,0,v111955443,1.2,96.5,,,,1
2015-12-01,Canada,2016A000011124,Land only,"Index, 201612=100",347,units,0,v111955444,1.3,98.1,E,,,1
2016-01-01,Canada,2016A000011124,Total (house and land),"Index, 201612=100",347,units,0,v111955442,1.1,97.1,,,,1
2016-01-01,Canada,2016A000011124,House only,"Index, 201612=100",347,units,0,v111955443,1.2,96.7,,,,1
2016-01-01,Canada,2016A000011124,Land only,"Index, 201612=100",347,units,0,v111955444,1.3,98.1,E,,,1
2016-02-01,Canada,2016A000011124,Total (house and land),"Index, 201612=100",347,units,0,v111955442,1.1,97.3,,,,1
2016-02-01,Canada,2016A000011124,House only,"Index, 201612=100",347,units,0,v111955443,1.2,97.0,,,,1
2016-02-01,Canada,2016A000011124,Land only,"Index, 201612=100",347,units,0,v111955444,1.3,98.1,E,,,1
2016-03-01,Canada,2016A000011124,Total (house and land),"Index, 201612=100",347,units,0,v111955442,1.1,97.5,,,,1
2016-03-01,Canada,2016A000011124,House only,"Index, 201612=100",347,units,0,v111955443,1.2,97.2,,,,1
2016-03-01,Canada,2016A000011124,Land only,"Index, 201612=100",347,units,0,v111955444,1.3,98.1,E,,,1
2016-04-01,Canada,2016A000011124,Total (house and land),"Index, 201612=100",347,units,0,v111955442,1.1,97.7,,,,1
2016-04-01,Canada,2016A000011124,House only,"Index, 201612=100",347,units,0,v111955443,1.2,97.6,,,,1
2016-04-01,Canada,2016A000011124,Land only,"Index, 201612=100",347,units,0,v111955444,1.3,98.1,E,,,1
2016-05-01,Canada,2016A000011124,Total (house and land),"Index, 201612=100",347,units,0,v111955442,1.1,98.5,,,,1
2016-05-01,Canada,2016A000011124,House only,"Index, 201612=100",347,units,0,v111955443,1.2,98.5,,,,1
2016-05-01,Canada,2016A000011124,Land only,"Index, 201612=100",347,units,0,v111955444,1.3,98.5,E,,,1
2016-06-01,Canada,2016A000011124,Total (house and land),"Index, 201612=100",347,units,0,v111955442,1.1,98.6,,,,1
2016-06-01,Canada,2016A000011124,House only,"Index, 201612=100",347,units,0,v111955443,1.2,98.5,,,,1
2016-06-01,Canada,2016A000011124,Land only,"Index, 201612=100",347,units,0,v111955444,1.3,98.6,E,,,1
2016-07-01,Canada,2016A000011124,Total (house and land),"Index, 201612=100",347,units,0,v111955442,1.1,99.0,,,,1
2016-07-01,Canada,2016A000011124,House only,"Index, 201612=100",347,units,0,v111955443,1.2,99.0,,,,1
2016-07-01,Canada,2016A000011124,Land only,"Index, 201612=100",347,units,0,v111955444,1.3,98.7,E,,,1
2016-08-01,Canada,2016A000011124,Total (house and land),"Index, 201612=100",347,units,0,v111955442,1.1,99.1,,,,1
2016-08-01,Canada,2016A000011124,House only,"Index, 201612=100",347,units,0,v111955443,1.2,99.3,,,,1
2016-08-01,Canada,2016A000011124,Land only,"Index, 201612=100",347,units,0,v111955444,1.3,98.7,E,,,1
2016-09-01,Canada,2016A000011124,Total (house and land),"Index, 201612=100",347,units,0,v111955442,1.1,99.3,,,,1
2016-09-01,Canada,2016A000011124,House only,"Index, 201612=100",347,units,0,v111955443,1.2,99.3,,,,1
2016-09-01,Canada,2016A000011124,Land only,"Index, 201612=100",347,units,0,v111955444,1.3,99.0,E,,,1
2016-10-01,Canada,2016A000011124,Total (house and land),"Index, 201612=100",347,units,0,v111955442,1.1,99.7,,,,1
2016-10-01,Canada,2016A000011124,House only,"Index, 201612=100",347,units,0,v111955443,1.2,99.8,,,,1
2016-10-01,Canada,2016A000011124,Land only,"Index, 201612=100",347,units,0,v111955444,1.3,99.5,E,,,1
2016-11-01,Canada,2016A000011124,Total (house and land),"Index, 201612=100",347,units,0,v111955442,1.1,99.9,,,,1
2016-11-01,Canada,2016A000011124,House only,"Index, 201612=100",347,units,0,v111955443,1.2,99.9,,,,1
2016-11-01,Canada,2016A000011124,Land only,"Index, 201612=100",347,units,0,v111955444,1.3,100.0,E,,,1
2016-12-01,Canada,2016A000011124,Total (house and land),"Index, 201612=100",347,units,0,v111955442,1.1,100.0,,,,1
2016-12-01,Canada,2016A000011124,House only,"Index, 201612=100",347,units,0,v111955443,1.2,100.0,,,,1
2016-12-01,Canada,2016A000011124,Land only,"Index, 201612=100",347,units,0,v111955444,1.3,100.0,E,,,1
2017-01-01,Canada,2016A000011124,Total (house and land),"Index, 201612=100",347,units,0,v111955442,1.1,100.1,,,,1
2017-01-01,Canada,2016A000011124,House only,"Index, 201612=100",347,units,0,v111955443,1.2,99.9,,,,1
2017-01-01,Canada,2016A000011124,Land only,"Index, 201612=100",347,units,0,v111955444,1.3,100.4,E,,,1
2017-02-01,Canada,2016A000011124,Total (house and land),"Index, 201612=100",347,units,0,v111955442,1.1,100.5,,,,1
2017-02-01,Canada,2016A000011124,House only,"Index, 201612=100",347,units,0,v111955443,1.2,100.2,,,,1
2017-02-01,Canada,2016A000011124,Land only,"Index, 201612=100",347,units,0,v111955444,1.3,100.9,E,,,1
2017-03-01,Canada,2016A000011124,Total (house and land),"Index, 201612=100",347,units,0,v111955442,1.1,100.7,,,,1
2017-03-01,Canada,2016A000011124,House only,"Index, 201612=100",347,units,0,v111955443,1.2,100.4,,,,1
2017-03-01,Canada,2016A000011124,Land only,"Index, 201612=100",347,units,0,v111955444,1.3,101.3,E,,,1
2017-04-01,Canada,2016A000011124,Total (house and land),"Index, 201612=100",347,units,0,v111955442,1.1,101.5,,,,1
2017-04-01,Canada,2016A000011124,House only,"Index, 201612=100",347,units,0,v111955443,1.2,101.2,,,,1
2017-04-01,Canada,2016A000011124,Land only,"Index, 201612=100",347,units,0,v111955444,1.3,102.3,E,,,1
2017-05-01,Canada,2016A000011124,Total (house and land),"Index, 201612=100",347,units,0,v111955442,1.1,102.2,,,,1
2017-05-01,Canada,2016A000011124,House only,"Index, 201612=100",347,units,0,v111955443,1.2,101.7,,,,1
2017-05-01,Canada,2016A000011124,Land only,"Index, 201612=100",347,units,0,v111955444,1.3,103.1,E,,,1
2017-06-01,Canada,2016A000011124,Total (house and land),"Index, 201612=100",347,units,0,v111955442,1.1,102.4,,,,1
2017-06-01,Canada,2016A000011124,House only,"Index, 201612=100",347,units,0,v111955443,1.2,102.1,,,,1
2017-06-01,Canada,2016A000011124,Land only,"Index, 201612=100",347,units,0,v111955444,1.3,103.1,E,,,1
2017-07-01,Canada,2016A000011124,Total (house and land),"Index, 201612=100",347,units,0,v111955442,1.1,102.8,,,,1
2017-07-01,Canada,2016A000011124,House only,"Index, 201612=100",347,units,0,v111955443,1.2,102.7,,,,1
2017-07-01,Canada,2016A000011124,Land only,"Index, 201612=100",347,units,0,v111955444,1.3,103.3,E,,,1
2017-08-01,Canada,2016A000011124,Total (house and land),"Index, 201612=100",347,units,0,v111955442,1.1,102.9,,,,1
2017-08-01,Canada,2016A000011124,House only,"Index, 201612=100",347,units,0,v111955443,1.2,102.8,,,,1
2017-08-01,Canada,2016A000011124,Land only,"Index, 201612=100",347,units,0,v111955444,1.3,103.3,E,,,1
2017-09-01,Canada,2016A000011124,Total (house and land),"Index, 201612=100",347,units,0,v111955442,1.1,103.1,,,,1
2017-09-01,Canada,2016A000011124,House only,"Index, 201612=100",347,units,0,v111955443,1.2,102.9,,,,1
2017-09-01,Canada,2016A000011124,Land only,"Index, 201612=100",347,units,0,v111955444,1.3,103.6,E,,,1
2017-10-01,Canada,2016A000011124,Total (house and land),"Index, 201612=100",347,units,0,v111955442,1.1,103.2,,,,1
2017-10-01,Canada,2016A000011124,House only,"Index, 201612=100",347,units,0,v111955443,1.2,103.1,,,,1
2017-10-01,Canada,2016A000011124,Land only,"Index, 201612=100",347,units,0,v111955444,1.3,103.6,E,,,1
2017-11-01,Canada,2016A000011124,Total (house and land),"Index, 201612=100",347,units,0,v111955442,1.1,103.3,,,,1
2017-11-01,Canada,2016A000011124,House only,"Index, 201612=100",347,units,0,v111955443,1.2,103.2,,,,1
2017-11-01,Canada,2016A000011124,Land only,"Index, 201612=100",347,units,0,v111955444,1.3,103.6,E,,,1
2017-12-01,Canada,2016A000011124,Total (house and land),"Index, 201612=100",347,units,0,v111955442,1.1,103.3,,,,1
2017-12-01,Canada,2016A000011124,House only,"Index, 201612=100",347,units,0,v111955443,1.2,103.2,,,,1
2017-12-01,Canada,2016A000011124,Land only,"Index, 201612=100",347,units,0,v111955444,1.3,103.7,E,,,1
2018-01-01,Canada,2016A000011124,Total (house and land),"Index, 201612=100",347,units,0,v111955442,1.1,103.3,,,,1
2018-01-01,Canada,2016A000011124,House only,"Index, 201612=100",347,units,0,v111955443,1.2,103.2,,,,1
2018-01-01,Canada,2016A000011124,Land only,"Index, 201612=100",347,units,0,v111955444,1.3,103.7,E,,,1
2018-02-01,Canada,2016A000011124,Total (house and land),"Index, 201612=100",347,units,0,v111955442,1.1,103.1,,,,1
2018-02-01,Canada,2016A000011124,House only,"Index, 201612=100",347,units,0,v111955443,1.2,102.9,,,,1
2018-02-01,Canada,2016A000011124,Land only,"Index, 201612=100",347,units,0,v111955444,1.3,103.8,E,,,1
2018-03-01,Canada,2016A000011124,Total (house and land),"Index, 201612=100",347,units,0,v111955442,1.1,103.1,,,,1
2018-03-01,Canada,2016A000011124,House only,"Index, 201612=100",347,units,0,v111955443,1.2,102.9,,,,1
2018-03-01,Canada,2016A000011124,Land only,"Index, 201612=100",347,units,0,v111955444,1.3,103.7,E,,,1
2018-04-01,Canada,2016A000011124,Total (house and land),"Index, 201612=100",347,units,0,v111955442,1.1,103.1,,,,1
2018-04-01,Canada,2016A000011124,House only,"Index, 201612=100",347,units,0,v111955443,1.2,102.7,,,,1
2018-04-01,Canada,2016A000011124,Land only,"Index, 201612=100",347,units,0,v111955444,1.3,103.7,E,,,1
2018-05-01,Canada,2016A000011124,Total (house and land),"Index, 201612=100",347,units,0,v111955442,1.1,103.1,,,,1
2018-05-01,Canada,2016A000011124,House only,"Index, 201612=100",347,units,0,v111955443,1.2,102.7,,,,1
2018-05-01,Canada,2016A000011124,Land only,"Index, 201612=100",347,units,0,v111955444,1.3,103.8,E,,,1
2018-06-01,Canada,2016A000011124,Total (house and land),"Index, 201612=100",347,units,0,v111955442,1.1,103.2,,,,1
2018-06-01,Canada,2016A000011124,House only,"Index, 201612=100",347,units,0,v111955443,1.2,103.0,,,,1
2018-06-01,Canada,2016A000011124,Land only,"Index, 201612=100",347,units,0,v111955444,1.3,103.9,E,,,1
2018-07-01,Canada,2016A000011124,Total (house and land),"Index, 201612=100",347,units,0,v111955442,1.1,103.3,,,,1
2018-07-01,Canada,2016A000011124,House only,"Index, 201612=100",347,units,0,v111955443,1.2,103.1,,,,1
2018-07-01,Canada,2016A000011124,Land only,"Index, 201612=100",347,units,0,v111955444,1.3,103.9,E,,,1
2018-08-01,Canada,2016A000011124,Total (house and land),"Index, 201612=100",347,units,0,v111955442,1.1,103.3,,,,1
2018-08-01,Canada,2016A000011124,House only,"Index, 201612=100",347,units,0,v111955443,1.2,103.0,,,,1
2018-08-01,Canada,2016A000011124,Land only,"Index, 201612=100",347,units,0,v111955444,1.3,103.9,E,,,1
2018-09-01,Canada,2016A000011124,Total (house and land),"Index, 201612=100",347,units,0,v111955442,1.1,103.3,,,,1
2018-09-01,Canada,2016A000011124,House only,"Index, 201612=100",347,units,0,v111955443,1.2,102.9,,,,1
2018-09-01,Canada,2016A000011124,Land only,"Index, 201612=100",347,units,0,v111955444,1.3,104.0,E,,,1
2018-10-01,Canada,2016A000011124,Total (house and land),"Index, 201612=100",347,units,0,v111955442,1.1,103.3,,,,1
2018-10-01,Canada,2016A000011124,House only,"Index, 201612=100",347,units,0,v111955443,1.2,102.9,,,,1
2018-10-01,Canada,2016A000011124,Land only,"Index, 201612=100",347,units,0,v111955444,1.3,104.0,E,,,1
2018-11-01,Canada,2016A000011124,Total (house and land),"Index, 201612=100",347,units,0,v111955442,1.1,103.3,,,,1
2018-11-01,Canada,2016A000011124,House only,"Index, 201612=100",347,units,0,v111955443,1.2,102.9,,,,1
2018-11-01,Canada,2016A000011124,Land only,"Index, 201612=100",347,units,0,v111955444,1.3,104.1,E,,,1
2018-12-01,Canada,2016A000011124,Total (house and land),"Index, 201612=100",347,units,0,v111955442,1.1,103.3,,,,1
2018-12-01,Canada,2016A000011124,House only,"Index, 201612=100",347,units,0,v111955443,1.2,102.9,,,,1
2018-12-01,Canada,2016A000011124,Land only,"Index, 201612=100",347,units,0,v111955444,1.3,104.1,E,,,1
2019-01-01,Canada,2016A000011124,Total (house and land),"Index, 201612=100",347,units,0,v111955442,1.1,103.2,,,,1
2019-01-01,Canada,2016A000011124,House only,"Index, 201612=100",347,units,0,v111955443,1.2,102.8,,,,1
2019-01-01,Canada,2016A000011124,Land only,"Index, 201612=100",347,units,0,v111955444,1.3,104.1,E,,,1
2019-02-01,Canada,2016A000011124,Total (house and land),"Index, 201612=100",347,units,0,v111955442,1.1,103.2,,,,1
2019-02-01,Canada,2016A000011124,House only,"Index, 201612=100",347,units,0,v111955443,1.2,102.8,,,,1
2019-02-01,Canada,2016A000011124,Land only,"Index, 201612=100",347,units,0,v111955444,1.3,104.1,E,,,1
2019-03-01,Canada,2016A000011124,Total (house and land),"Index, 201612=100",347,units,0,v111955442,1.1,103.2,,,,1
2019-03-01,Canada,2016A000011124,House only,"Index, 201612=100",347,units,0,v111955443,1.2,102.8,,,,1
2019-03-01,Canada,2016A000011124,Land only,"Index, 201612=100",347,units,0,v111955444,1.3,104.1,E,,,1
2019-04-01,Canada,2016A000011124,Total (house and land),"Index, 201612=100",347,units,0,v111955442,1.1,103.2,,,,1
2019-04-01,Canada,2016A000011124,House only,"Index, 201612=100",347,units,0,v111955443,1.2,102.6,,,,1
2019-04-01,Canada,2016A000011124,Land only,"Index, 201612=100",347,units,0,v111955444,1.3,104.1,E,,,1
2019-05-01,Canada,2016A000011124,Total (house and land),"Index, 201612=100",347,units,0,v111955442,1.1,103.1,,,,1
2019-05-01,Canada,2016A000011124,House only,"Index, 201612=100",347,units,0,v111955443,1.2,102.5,,,,1
2019-05-01,Canada,2016A000011124,Land only,"Index, 201612=100",347,units,0,v111955444,1.3,104.2,E,,,1
2019-06-01,Canada,2016A000011124,Total (house and land),"Index, 201612=100",347,units,0,v111955442,1.1,103.0,,,,1
2019-06-01,Canada,2016A000011124,House only,"Index, 201612=100",347,units,0,v111955443,1.2,102.4,,,,1
2019-06-01,Canada,2016A000011124,Land only,"Index, 201612=100",347,units,0,v111955444,1.3,104.2,E,,,1
2019-07-01,Canada,2016A000011124,Total (house and land),"Index, 201612=100",347,units,0,v111955442,1.1,102.9,,,,1
2019-07-01,Canada,2016A000011124,House only,"Index, 201612=100",347,units,0,v111955443,1.2,102.2,,,,1
2019-07-01,Canada,2016A000011124,Land only,"Index, 201612=100",347,units,0,v111955444,1.3,104.1,E,,,1
2019-08-01,Canada,2016A000011124,Total (house and land),"Index, 201612=100",347,units,0,v111955442,1.1,103.0,,,,1
2019-08-01,Canada,2016A000011124,House only,"Index, 201612=100",347,units,0,v111955443,1.2,102.3,,,,1
2019-08-01,Canada,2016A000011124,Land only,"Index, 201612=100",347,units,0,v111955444,1.3,104.2,E,,,1
2019-09-01,Canada,2016A000011124,Total (house and land),"Index, 201612=100",347,units,0,v111955442,1.1,103.2,,,,1
2019-09-01,Canada,2016A000011124,House only,"Index, 201612=100",347,units,0,v111955443,1.2,102.6,,,,1
2019-09-01,Canada,2016A000011124,Land only,"Index, 201612=100",347,units,0,v111955444,1.3,104.2,E,,,1
2019-10-01,Canada,2016A000011124,Total (house and land),"Index, 201612=100",347,units,0,v111955442,1.1,103.3,,,,1
2019-10-01,Canada,2016A000011124,House only,"Index, 201612=100",347,units,0,v111955443,1.2,102.7,,,,1
2019-10-01,Canada,2016A000011124,Land only,"Index, 201612=100",347,units,0,v111955444,1.3,104.2,E,,,1
2019-11-01,Canada,2016A000011124,Total (house and land),"Index, 201612=100",347,units,0,v111955442,1.1,103.2,,,,1
2019-11-01,Canada,2016A000011124,House only,"Index, 201612=100",347,units,0,v111955443,1.2,102.5,,,,1
2019-11-01,Canada,2016A000011124,Land only,"Index, 201612=100",347,units,0,v111955444,1.3,104.3,E,,,1
2019-12-01,Canada,2016A000011124,Total (house and land),"Index, 201612=100",347,units,0,v111955442,1.1,103.4,,,,1
2019-12-01,Canada,2016A000011124,House only,"Index, 201612=100",347,units,0,v111955443,1.2,102.8,,,,1
2019-12-01,Canada,2016A000011124,Land only,"Index, 201612=100",347,units,0,v111955444,1.3,104.4,E,,,1
2020-01-01,Canada,2016A000011124,Total (house and land),"Index, 201612=100",347,units,0,v111955442,1.1,103.4,,,,1
2020-01-01,Canada,2016A000011124,House only,"Index, 201612=100",347,units,0,v111955443,1.2,102.6,,,,1
2020-01-01,Canada,2016A000011124,Land only,"Index, 201612=100",347,units,0,v111955444,1.3,104.8,E,,,1
2020-02-01,Canada,2016A000011124,Total (house and land),"Index, 201612=100",347,units,0,v111955442,1.1,103.8,,,,1
2020-02-01,Canada,2016A000011124,House only,"Index, 201612=100",347,units,0,v111955443,1.2,103.1,,,,1
2020-02-01,Canada,2016A000011124,Land only,"Index, 201612=100",347,units,0,v111955444,1.3,105.0,E,,,1
2020-03-01,Canada,2016A000011124,Total (house and land),"Index, 201612=100",347,units,0,v111955442,1.1,104.1,,,,1
2020-03-01,Canada,2016A000011124,House only,"Index, 201612=100",347,units,0,v111955443,1.2,103.5,,,,1
2020-03-01,Canada,2016A000011124,Land only,"Index, 201612=100",347,units,0,v111955444,1.3,105.1,E,,,1
2020-04-01,Canada,2016A000011124,Total (house and land),"Index, 201612=100",347,units,0,v111955442,1.1,104.1,,,,1
2020-04-01,Canada,2016A000011124,House only,"Index, 201612=100",347,units,0,v111955443,1.2,103.5,,,,1
2020-04-01,Canada,2016A000011124,Land only,"Index, 201612=100",347,units,0,v111955444,1.3,105.1,E,,,1
2020-05-01,Canada,2016A000011124,Total (house and land),"Index, 201612=100",347,units,0,v111955442,1.1,104.2,,,,1
2020-05-01,Canada,2016A000011124,House only,"Index, 201612=100",347,units,0,v111955443,1.2,103.6,,,,1
2020-05-01,Canada,2016A000011124,Land only,"Index, 201612=100",347,units,0,v111955444,1.3,105.1,E,,,1
2020-06-01,Canada,2016A000011124,Total (house and land),"Index, 201612=100",347,units,0,v111955442,1.1,104.3,,,,1
2020-06-01,Canada,2016A000011124,House only,"Index, 201612=100",347,units,0,v111955443,1.2,103.7,,,,1
2020-06-01,Canada,2016A000011124,Land only,"Index, 201612=100",347,units,0,v111955444,1.3,105.2,E,,,1
2020-07-01,Canada,2016A000011124,Total (house and land),"Index, 201612=100",347,units,0,v111955442,1.1,104.7,,,,1
2020-07-01,Canada,2016A000011124,House only,"Index, 201612=100",347,units,0,v111955443,1.2,103.9,,,,1
2020-07-01,Canada,2016A000011124,Land only,"Index, 201612=100",347,units,0,v111955444,1.3,105.9,E,,,1
2020-08-01,Canada,2016A000011124,Total (house and land),"Index, 201612=100",347,units,0,v111955442,1.1,105.2,,,,1
2020-08-01,Canada,2016A000011124,House only,"Index, 201612=100",347,units,0,v111955443,1.2,104.6,,,,1
2020-08-01,Canada,2016A000011124,Land only,"Index, 201612=100",347,units,0,v111955444,1.3,106.3,E,,,1
2020-09-01,Canada,2016A000011124,Total (house and land),"Index, 201612=100",347,units,0,v111955442,1.1,106.5,,,,1
2020-09-01,Canada,2016A000011124,House only,"Index, 201612=100",347,units,0,v111955443,1.2,106.1,,,,1
2020-09-01,Canada,2016A000011124,Land only,"Index, 201612=100",347,units,0,v111955444,1.3,106.8,E,,,1
2020-10-01,Canada,2016A000011124,Total (house and land),"Index, 201612=100",347,units,0,v111955442,1.1,107.3,,,,1
2020-10-01,Canada,2016A000011124,House only,"Index, 201612=100",347,units,0,v111955443,1.2,107.3,,,,1
2020-10-01,Canada,2016A000011124,Land only,"Index, 201612=100",347,units,0,v111955444,1.3,107.4,E,,,1
2020-11-01,Canada,2016A000011124,Total (house and land),"Index, 201612=100",347,units,0,v111955442,1.1,107.9,,,,1
2020-11-01,Canada,2016A000011124,House only,"Index, 201612=100",347,units,0,v111955443,1.2,108.0,,,,1
2020-11-01,Canada,2016A000011124,Land only,"Index, 201612=100",347,units,0,v111955444,1.3,107.8,E,,,1
2020-12-01,Canada,2016A000011124,Total (house and land),"Index, 201612=100",347,units,0,v111955442,1.1,108.2,,,,1
2020-12-01,Canada,2016A000011124,House only,"Index, 201612=100",347,units,0,v111955443,1.2,108.3,,,,1
2020-12-01,Canada,2016A000011124,Land only,"Index, 201612=100",347,units,0,v111955444,1.3,108.0,E,,,1
2021-01-01,Canada,2016A000011124,Total (house and land),"Index, 201612=100",347,units,0,v111955442,1.1,109.0,,,,1
2021-01-01,Canada,2016A000011124,House only,"Index, 201612=100",347,units,0,v111955443,1.2,109.3,,,,1
2021-01-01,Canada,2016A000011124,Land only,"Index, 201612=100",347,units,0,v111955444,1.3,108.4,E,,,1
2021-02-01,Canada,2016A000011124,Total (house and land),"Index, 201612=100",347,units,0,v111955442,1.1,111.1,,,,1
2021-02-01,Canada,2016A000011124,House only,"Index, 201612=100",347,units,0,v111955443,1.2,111.0,,,,1
2021-02-01,Canada,2016A000011124,Land only,"Index, 201612=100",347,units,0,v111955444,1.3,110.1,E,,,1
2021-03-01,Canada,2016A000011124,Total (house and land),"Index, 201612=100",347,units,0,v111955442,1.1,112.3,,,,1
2021-03-01,Canada,2016A000011124,House only,"Index, 201612=100",347,units,0,v111955443,1.2,112.4,,,,1
2021-03-01,Canada,2016A000011124,Land only,"Index, 201612=100",347,units,0,v111955444,1.3,110.7,E,,,1
2021-04-01,Canada,2016A000011124,Total (house and land),"Index, 201612=100",347,units,0,v111955442,1.1,114.4,,,,1
2021-04-01,Canada,2016A000011124,House only,"Index, 201612=100",347,units,0,v111955443,1.2,114.3,,,,1
2021-04-01,Canada,2016A000011124,Land only,"Index, 201612=100",347,units,0,v111955444,1.3,112.9,E,,,1
2021-05-01,Canada,2016A000011124,Total (house and land),"Index, 201612=100",347,units,0,v111955442,1.1,116.0,,,,1
2021-05-01,Canada,2016A000011124,House only,"Index, 201612=100",347,units,0,v111955443,1.2,116.6,,,,1
2021-05-01,Canada,2016A000011124,Land only,"Index, 201612=100",347,units,0,v111955444,1.3,113.4,E,,,1
2021-06-01,Canada,2016A000011124,Total (house and land),"Index, 201612=100",347,units,0,v111955442,1.1,116.7,,,,1
2021-06-01,Canada,2016A000011124,House only,"Index, 201612=100",347,units,0,v111955443,1.2,117.9,,,,1
2021-06-01,Canada,2016A000011124,Land only,"Index, 201612=100",347,units,0,v111955444,1.3,112.9,E,,,1
2021-07-01,Canada,2016A000011124,Total (house and land),"Index, 201612=100",347,units,0,v111955442,1.1,117.2,,,,1
2021-07-01,Canada,2016A000011124,House only,"Index, 201612=100",347,units,0,v111955443,1.2,118.6,,,,1
2021-07-01,Canada,2016A000011124,Land only,"Index, 201612=100",347,units,0,v111955444,1.3,113.0,E,,,1
2021-08-01,Canada,2016A000011124,Total (house and land),"Index, 201612=100",347,units,0,v111955442,1.1,118.0,,,,1
2021-08-01,Canada,2016A000011124,House only,"Index, 201612=100",347,units,0,v111955443,1.2,119.5,,,,1
2021-08-01,Canada,2016A000011124,Land only,"Index, 201612=100",347,units,0,v111955444,1.3,113.5,E,,,1
2021-09-01,Canada,2016A000011124,Total (house and land),"Index, 201612=100",347,units,0,v111955442,1.1,118.5,,,,1
2021-09-01,Canada,2016A000011124,House only,"Index, 201612=100",347,units,0,v111955443,1.2,120.1,,,,1
2021-09-01,Canada,2016A000011124,Land only,"Index, 201612=100",347,units,0,v111955444,1.3,113.8,E,,,1
2021-10-01,Canada,2016A000011124,Total (house and land),"Index, 201612=100",347,units,0,v111955442,1.1,119.6,,,,1
2021-10-01,Canada,2016A000011124,House only,"Index, 201612=100",347,units,0,v111955443,1.2,121.4,,,,1
2021-10-01,Canada,2016A000011124,Land only,"Index, 201612=100",347,units,0,v111955444,1.3,114.4,E,,,1
2021-11-01,Canada,2016A000011124,Total (house and land),"Index, 201612=100",347,units,0,v111955442,1.1,120.5,,,,1
2021-11-01,Canada,2016A000011124,House only,"Index, 201612=100",347,units,0,v111955443,1.2,122.4,,,,1
2021-11-01,Canada,2016A000011124,Land only,"Index, 201612=100",347,units,0,v111955444,1.3,115.1,E,,,1
2021-12-01,Canada,2016A000011124,Total (house and land),"Index, 201612=100",347,units,0,v111955442,1.1,120.8,,,,1
2021-12-01,Canada,2016A000011124,House only,"Index, 201612=100",347,units,0,v111955443,1.2,122.9,,,,1
2021-12-01,Canada,2016A000011124,Land only,"Index, 201612=100",347,units,0,v111955444,1.3,115.2,E,,,1
2022-01-01,Canada,2016A000011124,Total (house and land),"Index, 201612=100",347,units,0,v111955442,1.1,121.9,,,,1
2022-01-01,Canada,2016A000011124,House only,"Index, 201612=100",347,units,0,v111955443,1.2,124.3,,,,1
2022-01-01,Canada,2016A000011124,Land only,"Index, 201612=100",347,units,0,v111955444,1.3,115.5,E,,,1
2022-02-01,Canada,2016A000011124,Total (house and land),"Index, 201612=100",347,units,0,v111955442,1.1,123.2,,,,1
2022-02-01,Canada,2016A000011124,House only,"Index, 201612=100",347,units,0,v111955443,1.2,126.0,,,,1
2022-02-01,Canada,2016A000011124,Land only,"Index, 201612=100",347,units,0,v111955444,1.3,116.1,E,,,1
2022-03-01,Canada,2016A000011124,Total (house and land),"Index, 201612=100",347,units,0,v111955442,1.1,124.7,,,,1
2022-03-01,Canada,2016A000011124,House only,"Index, 201612=100",347,units,0,v111955443,1.2,127.9,,,,1
2022-03-01,Canada,2016A000011124,Land only,"Index, 201612=100",347,units,0,v111955444,1.3,116.5,E,,,1
2022-04-01,Canada,2016A000011124,Total (house and land),"Index, 201612=100",347,units,0,v111955442,1.1,125.1,,,,1
2022-04-01,Canada,2016A000011124,House only,"Index, 201612=100",347,units,0,v111955443,1.2,128.6,,,,1
2022-04-01,Canada,2016A000011124,Land only,"Index, 201612=100",347,units,0,v111955444,1.3,116.7,E,,,1
2022-05-01,Canada,2016A000011124,Total (house and land),"Index, 201612=100",347,units,0,v111955442,1.1,125.7,,,,1
2022-05-01,Canada,2016A000011124,House only,"Index, 201612=100",347,units,0,v111955443,1.2,129.4,,,,1
2022-05-01,Canada,2016A000011124,Land only,"Index, 201612=100",347,units,0,v111955444,1.3,116.8,E,,,1
2022-06-01,Canada,2016A000011124,Total (house and land),"Index, 201612=100",347,units,0,v111955442,1.1,125.9,,,,1
2022-06-01,Canada,2016A000011124,House only,"Index, 201612=100",347,units,0,v111955443,1.2,129.6,,,,1
2022-06-01,Canada,2016A000011124,Land only,"Index, 201612=100",347,units,0,v111955444,1.3,117.0,E,,,1
2022-07-01,Canada,2016A000011124,Total (house and land),"Index, 201612=100",347,units,0,v111955442,1.1,126.0,,,,1
2022-07-01,Canada,2016A000011124,House only,"Index, 201612=100",347,units,0,v111955443,1.2,129.6,,,,1
2022-07-01,Canada,2016A000011124,Land only,"Index, 201612=100",347,units,0,v111955444,1.3,117.2,E,,,1
2022-08-01,Canada,2016A000011124,Total (house and land),"Index, 201612=100",347,units,0,v111955442,1.1,126.1,,,,1
2022-08-01,Canada,2016A000011124,House only,"Index, 201612=100",347,units,0,v111955443,1.2,129.8,,,,1
2022-08-01,Canada,2016A000011124,Land only,"Index, 201612=100",347,units,0,v111955444,1.3,117.2,E,,,1
2022-09-01,Canada,2016A000011124,Total (house and land),"Index, 201612=100",347,units,0,v111955442,1.1,126.0,,,,1
2022-09-01,Canada,2016A000011124,House only,"Index, 201612=100",347,units,0,v111955443,1.2,129.7,,,,1
2022-09-01,Canada,2016A000011124,Land only,"Index, 201612=100",347,units,0,v111955444,1.3,117.1,E,,,1
2022-10-01,Canada,2016A000011124,Total (house and land),"Index, 201612=100",347,units,0,v111955442,1.1,125.7,,,,1
2022-10-01,Canada,2016A000011124,House only,"Index, 201612=100",347,units,0,v111955443,1.2,129.4,,,,1
2022-10-01,Canada,2016A000011124,Land only,"Index, 201612=100",347,units,0,v111955444,1.3,116.7,E,,,1
2022-11-01,Canada,2016A000011124,Total (house and land),"Index, 201612=100",347,units,0,v111955442,1.1,125.5,,,,1
2022-11-01,Canada,2016A000011124,House only,"Index, 201612=100",347,units,0,v111955443,1.2,129.3,,,,1
2022-11-01,Canada,2016A000011124,Land only,"Index, 201612=100",347,units,0,v111955444,1.3,116.6,E,,,1
2022-12-01,Canada,2016A000011124,Total (house and land),"Index, 201612=100",347,units,0,v111955442,1.1,125.5,,,,1
2022-12-01,Canada,2016A000011124,House only,"Index, 201612=100",347,units,0,v111955443,1.2,129.2,,,,1
2022-12-01,Canada,2016A000011124,Land only,"Index, 201612=100",347,units,0,v111955444,1.3,116.6,E,,,1
2023-01-01,Canada,2016A000011124,Total (house and land),"Index, 201612=100",347,units,0,v111955442,1.1,125.2,,,,1
2023-01-01,Canada,2016A000011124,House only,"Index, 201612=100",347,units,0,v111955443,1.2,128.9,,,,1
2023-01-01,Canada,2016A000011124,Land only,"Index, 201612=100",347,units,0,v111955444,1.3,116.5,E,,,1
2023-02-01,Canada,2016A000011124,Total (house and land),"Index, 201612=100",347,units,0,v111955442,1.1,124.9,,,,1
2023-02-01,Canada,2016A000011124,House only,"Index, 201612=100",347,units,0,v111955443,1.2,128.5,,,,1
2023-02-01,Canada,2016A000011124,Land only,"Index, 201612=100",347,units,0,v111955444,1.3,116.4,E,,,1
2023-03-01,Canada,2016A000011124,Total (house and land),"Index, 201612=100",347,units,0,v111955442,1.1,124.9,,,,1
2023-03-01,Canada,2016A000011124,House only,"Index, 201612=100",347,units,0,v111955443,1.2,128.4,,,,1
2023-03-01,Canada,2016A000011124,Land only,"Index, 201612=100",347,units,0,v111955444,1.3,116.4,E,,,1
2023-04-01,Canada,2016A000011124,Total (house and land),"Index, 201612=100",347,units,0,v111955442,1.1,124.8,,,,1
2023-04-01,Canada,2016A000011124,House only,"Index, 201612=100",347,units,0,v111955443,1.2,128.2,,,,1
2023-04-01,Canada,2016A000011124,Land only,"Index, 201612=100",347,units,0,v111955444,1.3,116.5,E,,,1
2023-05-01,Canada,2016A000011124,Total (house and land),"Index, 201612=100",347,units,0,v111955442,1.1,124.9,,,,1
2023-05-01,Canada,2016A000011124,House only,"Index, 201612=100",347,units,0,v111955443,1.2,128.3,,,,1
2023-05-01,Canada,2016A000011124,Land only,"Index, 201612=100",347,units,0,v111955444,1.3,116.6,E,,,1
2023-06-01,Canada,2016A000011124,Total (house and land),"Index, 201612=100",347,units,0,v111955442,1.1,125.0,,,,1
2023-06-01,Canada,2016A000011124,House only,"Index, 201612=100",347,units,0,v111955443,1.2,128.3,,,,1
2023-06-01,Canada,2016A000011124,Land only,"Index, 201612=100",347,units,0,v111955444,1.3,116.7,E,,,1
2023-07-01,Canada,2016A000011124,Total (house and land),"Index, 201612=100",347,units,0,v111955442,1.1,124.9,,,,1
2023-07-01,Canada,2016A000011124,House only,"Index, 201612=100",347,units,0,v111955443,1.2,128.2,,,,1
2023-07-01,Canada,2016A000011124,Land only,"Index, 201612=100",347,units,0,v111955444,1.3,116.7,E,,,1
2023-08-01,Canada,2016A000011124,Total (house and land),"Index, 201612=100",347,units,0,v111955442,1.1,125.0,,,,1
2023-08-01,Canada,2016A000011124,House only,"Index, 201612=100",347,units,0,v111955443,1.2,128.1,,,,1
2023-08-01,Canada,2016A000011124,Land only,"Index, 201612=100",347,units,0,v111955444,1.3,117.0,E,,,1
2023-09-01,Canada,2016A000011124,Total (house and land),"Index, 201612=100",347,units,0,v111955442,1.1,124.7,,,,1
2023-09-01,Canada,2016A000011124,House only,"Index, 201612=100",347,units,0,v111955443,1.2,127.8,,,,1
2023-09-01,Canada,2016A000011124,Land only,"Index, 201612=100",347,units,0,v111955444,1.3,116.8,E,,,1
2023-10-01,Canada,2016A000011124,Total (house and land),"Index, 201612=100",347,units,0,v111955442,1.1,124.7,,,,1
2023-10-01,Canada,2016A000011124,House only,"Index, 201612=100",347,units,0,v111955443,1.2,127.6,,,,1
2023-10-01,Canada,2016A000011124,Land only,"Index, 201612=100",347,units,0,v111955444,1.3,116.9,E,,,1
2023-11-01,Canada,2016A000011124,Total (house and land),"Index, 201612=100",347,units,0,v111955442,1.1,124.4,,,,1
2023-11-01,Canada,2016A000011124,House only,"Index, 201612=100",347,units,0,v111955443,1.2,127.2,,,,1
2023-11-01,Canada,2016A000011124,Land only,"Index, 201612=100",347,units,0,v111955444,1.3,116.8,E,,,1
2023-12-01,Canada,2016A000011124,Total (house and land),"Index, 201612=100",347,units,0,v111955442,1.1,124.4,,,,1
2023-12-01,Canada,2016A000011124,House only,"Index, 201612=100",347,units,0,v111955443,1.2,127.2,,,,1
2023-12-01,Canada,2016A000011124,Land only,"Index, 201612=100",347,units,0,v111955444,1.3,116.8,E,,,1
2024-01-01,Canada,2016A000011124,Total (house and land),"Index, 201612=100",347,units,0,v111955442,1.1,124.3,,,,1
2024-01-01,Canada,2016A000011124,House only,"Index, 201612=100",347,units,0,v111955443,1.2,127.1,,,,1
2024-01-01,Canada,2016A000011124,Land only,"Index, 201612=100",347,units,0,v111955444,1.3,116.7,E,,,1
2024-02-01,Canada,2016A000011124,Total (house and land),"Index, 201612=100",347,units,0,v111955442,1.1,124.4,,,,1
2024-02-01,Canada,2016A000011124,House only,"Index, 201612=100",347,units,0,v111955443,1.2,127.2,,,,1
2024-02-01,Canada,2016A000011124,Land only,"Index, 201612=100",347,units,0,v111955444,1.3,116.7,E,,,1
2024-03-01,Canada,2016A000011124,Total (house and land),"Index, 201612=100",347,units,0,v111955442,1.1,124.4,,,,1
2024-03-01,Canada,2016A000011124,House only,"Index, 201612=100",347,units,0,v111955443,1.2,127.2,,,,1
2024-03-01,Canada,2016A000011124,Land only,"Index, 201612=100",347,units,0,v111955444,1.3,116.8,E,,,1
2024-04-01,Canada,2016A000011124,Total (house and land),"Index, 201612=100",347,units,0,v111955442,1.1,124.7,,,,1
2024-04-01,Canada,2016A000011124,House only,"Index, 201612=100",347,units,0,v111955443,1.2,127.6,,,,1
2024-04-01,Canada,2016A000011124,Land only,"Index, 201612=100",347,units,0,v111955444,1.3,117.0,E,,,1
2024-05-01,Canada,2016A000011124,Total (house and land),"Index, 201612=100",347,units,0,v111955442,1.1,124.9,,,,1
2024-05-01,Canada,2016A000011124,House only,"Index, 201612=100",347,units,0,v111955443,1.2,128.0,,,,1
2024-05-01,Canada,2016A000011124,Land only,"Index, 201612=100",347,units,0,v111955444,1.3,116.9,E,,,1
2024-06-01,Canada,2016A000011124,Total (house and land),"Index, 201612=100",347,units,0,v111955442,1.1,124.7,,,,1
2024-06-01,Canada,2016A000011124,House only,"Index, 201612=100",347,units,0,v111955443,1.2,127.7,,,,1
2024-06-01,Canada,2016A000011124,Land only,"Index, 201612=100",347,units,0,v111955444,1.3,116.9,E,,,1
2024-07-01,Canada,2016A000011124,Total (house and land),"Index, 201612=100",347,units,0,v111955442,1.1,125.0,,,,1
2024-07-01,Canada,2016A000011124,House only,"Index, 201612=100",347,units,0,v111955443,1.2,128.0,,,,1
2024-07-01,Canada,2016A000011124,Land only,"Index, 201612=100",347,units,0,v111955444,1.3,117.0,E,,,1
2024-08-01,Canada,2016A000011124,Total (house and land),"Index, 201612=100",347,units,0,v111955442,1.1,125.0,,,,1
2024-08-01,Canada,2016A000011124,House only,"Index, 201612=100",347,units,0,v111955443,1.2,128.0,,,,1
2024-08-01,Canada,2016A000011124,Land only,"Index, 201612=100",347,units,0,v111955444,1.3,117.1,E,,,1
2024-09-01,Canada,2016A000011124,Total (house and land),"Index, 201612=100",347,units,0,v111955442,1.1,125.0,,,,1
2024-09-01,Canada,2016A000011124,House only,"Index, 201612=100",347,units,0,v111955443,1.2,128.0,,,,1
2024-09-01,Canada,2016A000011124,Land only,"Index, 201612=100",347,units,0,v111955444,1.3,117.0,E,,,1
2024-10-01,Canada,2016A000011124,Total (house and land),"Index, 201612=100",347,units,0,v111955442,1.1,124.5,,,,1
2024-10-01,Canada,2016A000011124,House only,"Index, 201612=100",347,units,0,v111955443,1.2,127.3,,,,1
2024-10-01,Canada,2016A000011124,Land only,"Index, 201612=100",347,units,0,v111955444,1.3,117.2,E,,,1
2024-11-01,Canada,2016A000011124,Total (house and land),"Index, 201612=100",347,units,0,v111955442,1.1,124.6,,,,1
2024-11-01,Canada,2016A000011124,House only,"Index, 201612=100",347,units,0,v111955443,1.2,127.4,,,,1
2024-11-01,Canada,2016A000011124,Land only,"Index, 201612=100",347,units,0,v111955444,1.3,117.3,E,,,1
2024-12-01,Canada,2016A000011124,Total (house and land),"Index, 201612=100",347,units,0,v111955442,1.1,124.5,,,,1
2024-12-01,Canada,2016A000011124,House only,"Index, 201612=100",347,units,0,v111955443,1.2,127.3,,,,1
2024-12-01,Canada,2016A000011124,Land only,"Index, 201612=100",347,units,0,v111955444,1.3,117.1,E,,,1
